-- MySQL dump 10.13  Distrib 8.0.38, for Win64 (x86_64)
--
-- Host: 103.216.116.61    Database: topgiaovien
-- ------------------------------------------------------
-- Server version	9.0.1

/*!40101 SET @OLD_CHARACTER_SET_CLIENT=@@CHARACTER_SET_CLIENT */;
/*!40101 SET @OLD_CHARACTER_SET_RESULTS=@@CHARACTER_SET_RESULTS */;
/*!40101 SET @OLD_COLLATION_CONNECTION=@@COLLATION_CONNECTION */;
/*!50503 SET NAMES utf8 */;
/*!40103 SET @OLD_TIME_ZONE=@@TIME_ZONE */;
/*!40103 SET TIME_ZONE='+00:00' */;
/*!40014 SET @OLD_UNIQUE_CHECKS=@@UNIQUE_CHECKS, UNIQUE_CHECKS=0 */;
/*!40014 SET @OLD_FOREIGN_KEY_CHECKS=@@FOREIGN_KEY_CHECKS, FOREIGN_KEY_CHECKS=0 */;
/*!40101 SET @OLD_SQL_MODE=@@SQL_MODE, SQL_MODE='NO_AUTO_VALUE_ON_ZERO' */;
/*!40111 SET @OLD_SQL_NOTES=@@SQL_NOTES, SQL_NOTES=0 */;

--
-- Table structure for table `_prisma_migrations`
--

DROP TABLE IF EXISTS `_prisma_migrations`;
/*!40101 SET @saved_cs_client     = @@character_set_client */;
/*!50503 SET character_set_client = utf8mb4 */;
CREATE TABLE `_prisma_migrations` (
  `id` varchar(36) COLLATE utf8mb4_unicode_ci NOT NULL,
  `checksum` varchar(64) COLLATE utf8mb4_unicode_ci NOT NULL,
  `finished_at` datetime(3) DEFAULT NULL,
  `migration_name` varchar(255) COLLATE utf8mb4_unicode_ci NOT NULL,
  `logs` text COLLATE utf8mb4_unicode_ci,
  `rolled_back_at` datetime(3) DEFAULT NULL,
  `started_at` datetime(3) NOT NULL DEFAULT CURRENT_TIMESTAMP(3),
  `applied_steps_count` int unsigned NOT NULL DEFAULT '0',
  PRIMARY KEY (`id`)
) ENGINE=InnoDB DEFAULT CHARSET=utf8mb4 COLLATE=utf8mb4_unicode_ci;
/*!40101 SET character_set_client = @saved_cs_client */;

--
-- Dumping data for table `_prisma_migrations`
--

LOCK TABLES `_prisma_migrations` WRITE;
/*!40000 ALTER TABLE `_prisma_migrations` DISABLE KEYS */;
INSERT INTO `_prisma_migrations` VALUES ('999687ec-f75f-4f82-b98d-658d97210a63','8f31137affeca19aae318f267846e5368fb522a9cba3465ca2ad6e9c0a9e4d65','2024-09-10 14:12:35.969','20240910141234_init',NULL,NULL,'2024-09-10 14:12:34.574',1);
/*!40000 ALTER TABLE `_prisma_migrations` ENABLE KEYS */;
UNLOCK TABLES;

--
-- Table structure for table `application`
--

DROP TABLE IF EXISTS `application`;
/*!40101 SET @saved_cs_client     = @@character_set_client */;
/*!50503 SET character_set_client = utf8mb4 */;
CREATE TABLE `application` (
  `id` int NOT NULL AUTO_INCREMENT,
  `title` varchar(191) COLLATE utf8mb4_unicode_ci DEFAULT NULL,
  `slug` varchar(191) COLLATE utf8mb4_unicode_ci DEFAULT NULL,
  `responsibilities` varchar(2000) COLLATE utf8mb4_unicode_ci DEFAULT NULL,
  `requirements` varchar(2000) COLLATE utf8mb4_unicode_ci DEFAULT NULL,
  `benefits` varchar(2000) COLLATE utf8mb4_unicode_ci DEFAULT NULL,
  `recruitmentProcess` varchar(2000) COLLATE utf8mb4_unicode_ci DEFAULT NULL,
  `location` varchar(191) COLLATE utf8mb4_unicode_ci DEFAULT NULL,
  `salary` varchar(191) COLLATE utf8mb4_unicode_ci DEFAULT NULL,
  `position` varchar(191) COLLATE utf8mb4_unicode_ci DEFAULT NULL,
  `jobType` varchar(191) COLLATE utf8mb4_unicode_ci DEFAULT NULL,
  `jobRole` varchar(191) COLLATE utf8mb4_unicode_ci DEFAULT NULL,
  `applicationDeadline` datetime(3) NOT NULL,
  `createdAt` datetime(3) NOT NULL DEFAULT CURRENT_TIMESTAMP(3),
  `updatedAt` datetime(3) NOT NULL,
  `applicationSubCategoryId` int DEFAULT NULL,
  `applicationCategoryId` int DEFAULT NULL,
  PRIMARY KEY (`id`),
  UNIQUE KEY `application_slug_key` (`slug`),
  KEY `application_applicationSubCategoryId_fkey` (`applicationSubCategoryId`),
  KEY `application_applicationCategoryId_fkey` (`applicationCategoryId`),
  CONSTRAINT `application_applicationCategoryId_fkey` FOREIGN KEY (`applicationCategoryId`) REFERENCES `applicationcategory` (`id`) ON DELETE CASCADE ON UPDATE CASCADE,
  CONSTRAINT `application_applicationSubCategoryId_fkey` FOREIGN KEY (`applicationSubCategoryId`) REFERENCES `applicationsubcategory` (`id`) ON DELETE CASCADE ON UPDATE CASCADE
) ENGINE=InnoDB AUTO_INCREMENT=4 DEFAULT CHARSET=utf8mb4 COLLATE=utf8mb4_unicode_ci;
/*!40101 SET character_set_client = @saved_cs_client */;

--
-- Dumping data for table `application`
--

LOCK TABLES `application` WRITE;
/*!40000 ALTER TABLE `application` DISABLE KEYS */;
INSERT INTO `application` VALUES (1,'IELTS Trainer','teacher-ielts-trainer','<p>1/ Giảng dạy lớp IELTS Academic và General:</p><ul><li>Sỉ số Học viên: Lớp nhóm dưới 12 Học viên &amp; lớp kèm riêng.</li><li>Hình thức lớp: Offline hoặc online.</li><li>Lịch lớp 2-3 buổi/ tuần</li><li>Ưu tiên nhận lớp tại chi nhánh Thầy/ Cô thuận tiện di chuyển</li></ul><p>2/ Các công tác chuyên môn khác theo nguyện vọng phát triển và thế mạnh của cá nhân Thầy Cô, được tính theo thù lao làm việc riêng.</p>','<p>1/ Chuyên môn/ kinh nghiệm:</p><ul><li>Chuyên ngành Sư phạm Anh hoặc chuyên ngành khác có chứng chỉ giảng dạy TESOL/ CELTA.</li><li>IELTS từ 7.5 trở lên, trong đó kỹ năng Writing từ 7.0 trở lên.</li><li>Kinh nghiệm ít nhất 02 năm giảng dạy IELTS Academic và IELTS General với các hình thức nhóm &amp; kèm riêng.</li></ul><p>2/ Kỹ năng: Thiết kế bài giảng có tích hợp công nghệ và phù hợp với từng đối tượng học viên, linh hoạt trong việc giảng bài.</p><p>3/ Con người: Nghiêm túc, có trách nhiệm và có tâm với công tác giảng dạy.</p>','<p>1/ Thù lao theo bậc chuyên môn và tính chất lớp giảng dạy (Thu nhập trung bình 15.000.000đ – 30.000.000đ). Cơ chế thưởng hiệu quả theo chính sách nội bộ hiện hành.</p><p>2/ Chính sách học phí riêng biệt dành cho người thân khi tham gia khóa học tại Công ty.</p><p>3/ Đào tạo nội bộ, đào tạo với đối tác BC, IDP.</p><p>4/ Định hướng phát triển theo thế mạnh cá nhân (chuyên môn, content, học thuật, quản lý).</p>','<p>1/ Ứng viên gửi thông tin ứng tuyển (CV, bắt buộc đính kèm bằng IELTS và các bằng cấp chuyên môn).</p><p>2/ Tham gia demo chuyên môn cùng Phòng Đào tạo.</p><p>3/ Nhận 2-3 lớp giảng dạy trong thời gian 02 tháng thử việc.</p>','540/24 Cách Mạng Tháng 08, Phường 11, Quận 3, HCM','230.000 VNĐ - 450.000 VNĐ/ giờ','Giáo viên','Part-time','Trainer','2024-09-29 00:00:00.000','2024-08-27 22:55:59.883','2024-09-14 09:26:08.493',1,1),(2,'IELTS Nâng cao','teacher-ielts-advance','<p>1/ Giảng dạy lớp IELTS Academic và General:</p><ul><li>Sỉ số Học viên: Lớp nhóm dưới 12 Học viên &amp; lớp kèm riêng.</li><li>Hình thức lớp: Offline hoặc online.</li><li>Lịch lớp 3 buổi/ tuần (thứ 2,4,6 và thứ 3,5,7).</li><li>Ưu tiên nhận lớp tại chi nhánh Thầy/ Cô thuận tiện di chuyển</li></ul><p>2/ Các công tác chuyên môn khác theo nguyện vọng phát triển và thế mạnh của cá nhân Thầy Cô, được tính theo thù lao làm việc riê</p>','<p>1/ Chuyên môn/ kinh nghiệm:</p><ul><li>Chuyên ngành Sư phạm Anh hoặc chuyên ngành khác có chứng chỉ giảng dạy TESOL/ CELTA.</li><li>IELTS từ 8.0 trở lên, trong đó kỹ năng Writing từ 7.5 trở lên.</li><li>Kinh nghiệm ít nhất 02 năm giảng dạy IELTS Academic và IELTS General với các hình thức nhóm &amp; kèm riêng.</li></ul><p>2/ Kỹ năng: Thiết kế bài giảng có tích hợp công nghệ và phù hợp với từng đối tượng học viên, linh hoạt trong việc giảng bài.</p><p>3/ Con người: Nghiêm túc, có trách nhiệm và có tâm với công tác giảng d</p>','<p>1/ Thù lao theo bậc chuyên môn và tính chất lớp giảng dạy: 230.000 VNĐ – 450.000 VNĐ/ giờ/&nbsp;(Thu nhập trung bình 20.000.000đ – 40.000.000đ). Cơ chế thưởng hiệu quả theo chính sách nội bộ hiện hành.</p><p>2/ Chính sách học phí riêng biệt dành cho người thân khi tham gia khóa học tại Công ty.</p><p>3/ Đào tạo nội bộ, đào tạo với đối tác BC, IDP.</p><p>4/ Định hướng phát triển theo thế mạnh cá nhân (chuyên môn, content, học thuật, quản</p>','<p>1/ Ứng viên gửi thông tin ứng tuyển (CV, bắt buộc đính kèm bằng IELTS và các bằng cấp chuyên môn).</p><p>2/ Tham gia demo chuyên môn cùng Phòng Đào tạo.</p><p>3/ Nhận 2-3 lớp giảng dạy trong thời gian 02 tháng thử việc.</p>','Quận Phú Nhuận, Quận Gò Vấp, Quận 10, Quận Tân Phú','230.000 VNĐ - 450.000 VNĐ/ giờ','Giáo viên','Part-time','Trainer','2024-08-31 00:00:00.000','2024-08-27 22:55:59.888','2024-08-28 04:20:58.373',1,1),(3,'Toiec Nâng cao','teacher-toeic-advance','<p>1/ Giảng dạy lớp IELTS Academic và General:</p><ul><li>Sỉ số Học viên: Lớp nhóm dưới 12 Học viên &amp; lớp kèm riêng.</li><li>Hình thức lớp: Offline hoặc online.</li><li>Lịch lớp 3 buổi/ tuần (thứ 2,4,6 và thứ 3,5,7).</li><li>Ưu tiên nhận lớp tại chi nhánh Thầy/ Cô thuận tiện di chuyển</li></ul><p>2/ Các công tác chuyên môn khác theo nguyện vọng phát triển và thế mạnh của cá nhân Thầy Cô, được tính theo thù lao làm việc riêng.</p>','<p>1/ Chuyên môn/ kinh nghiệm:</p><ul><li>Chuyên ngành Sư phạm Anh hoặc chuyên ngành khác có chứng chỉ giảng dạy TESOL/ CELTA.</li><li>IELTS từ 8.0 trở lên, trong đó kỹ năng Writing từ 7.5 trở lên.</li><li>Kinh nghiệm ít nhất 02 năm giảng dạy IELTS Academic và IELTS General với các hình thức nhóm &amp; kèm riêng.</li></ul><p>2/ Kỹ năng: Thiết kế bài giảng có tích hợp công nghệ và phù hợp với từng đối tượng học viên, linh hoạt trong việc giảng bài.</p><p>3/ Con người: Nghiêm túc, có trách nhiệm và có tâm với công tác giảng dạy.</p>','<p>1/ Thù lao theo bậc chuyên môn và tính chất lớp giảng dạy: 230.000 VNĐ – 450.000 VNĐ/ giờ/&nbsp;(Thu nhập trung bình 20.000.000đ – 40.000.000đ). Cơ chế thưởng hiệu quả theo chính sách nội bộ hiện hành.</p><p>2/ Chính sách học phí riêng biệt dành cho người thân khi tham gia khóa học tại Công ty.</p><p>3/ Đào tạo nội bộ, đào tạo với đối tác BC, IDP.</p><p>4/ Định hướng phát triển theo thế mạnh cá nhân (chuyên môn, content, học thuật, quản lý).</p>','<p>1/ Ứng viên gửi thông tin ứng tuyển (CV, bắt buộc đính kèm bằng IELTS và các bằng cấp chuyên môn).</p><p>2/ Tham gia demo chuyên môn cùng Phòng Đào tạo.</p><p>3/ Nhận 2-3 lớp giảng dạy trong thời gian 02 tháng thử việc.</p>','Quận Phú Nhuận, Quận Gò Vấp, Quận 10, Quận Tân Phú','230.000 VNĐ - 450.000 VNĐ/ giờ','Giáo viên','Part-time','Trainer','2024-08-31 00:00:00.000','2024-08-27 22:55:59.892','2024-08-27 22:55:59.892',1,1);
/*!40000 ALTER TABLE `application` ENABLE KEYS */;
UNLOCK TABLES;

--
-- Table structure for table `applicationcategory`
--

DROP TABLE IF EXISTS `applicationcategory`;
/*!40101 SET @saved_cs_client     = @@character_set_client */;
/*!50503 SET character_set_client = utf8mb4 */;
CREATE TABLE `applicationcategory` (
  `id` int NOT NULL AUTO_INCREMENT,
  `content` varchar(191) COLLATE utf8mb4_unicode_ci DEFAULT NULL,
  PRIMARY KEY (`id`)
) ENGINE=InnoDB AUTO_INCREMENT=3 DEFAULT CHARSET=utf8mb4 COLLATE=utf8mb4_unicode_ci;
/*!40101 SET character_set_client = @saved_cs_client */;

--
-- Dumping data for table `applicationcategory`
--

LOCK TABLES `applicationcategory` WRITE;
/*!40000 ALTER TABLE `applicationcategory` DISABLE KEYS */;
INSERT INTO `applicationcategory` VALUES (1,'Teacher'),(2,'Khác');
/*!40000 ALTER TABLE `applicationcategory` ENABLE KEYS */;
UNLOCK TABLES;

--
-- Table structure for table `applicationsubcategory`
--

DROP TABLE IF EXISTS `applicationsubcategory`;
/*!40101 SET @saved_cs_client     = @@character_set_client */;
/*!50503 SET character_set_client = utf8mb4 */;
CREATE TABLE `applicationsubcategory` (
  `id` int NOT NULL AUTO_INCREMENT,
  `content` varchar(191) COLLATE utf8mb4_unicode_ci DEFAULT NULL,
  `applicationCategoryId` int DEFAULT NULL,
  PRIMARY KEY (`id`),
  KEY `applicationSubCategory_applicationCategoryId_fkey` (`applicationCategoryId`),
  CONSTRAINT `applicationSubCategory_applicationCategoryId_fkey` FOREIGN KEY (`applicationCategoryId`) REFERENCES `applicationcategory` (`id`) ON DELETE CASCADE ON UPDATE CASCADE
) ENGINE=InnoDB AUTO_INCREMENT=8 DEFAULT CHARSET=utf8mb4 COLLATE=utf8mb4_unicode_ci;
/*!40101 SET character_set_client = @saved_cs_client */;

--
-- Dumping data for table `applicationsubcategory`
--

LOCK TABLES `applicationsubcategory` WRITE;
/*!40000 ALTER TABLE `applicationsubcategory` DISABLE KEYS */;
INSERT INTO `applicationsubcategory` VALUES (1,'Tiếng Anh',1),(6,'Nhân viên',2),(7,'Tiếng Trung',1);
/*!40000 ALTER TABLE `applicationsubcategory` ENABLE KEYS */;
UNLOCK TABLES;

--
-- Table structure for table `banner`
--

DROP TABLE IF EXISTS `banner`;
/*!40101 SET @saved_cs_client     = @@character_set_client */;
/*!50503 SET character_set_client = utf8mb4 */;
CREATE TABLE `banner` (
  `id` int NOT NULL AUTO_INCREMENT,
  `image` varchar(100) COLLATE utf8mb4_unicode_ci NOT NULL,
  `alt` varchar(200) COLLATE utf8mb4_unicode_ci DEFAULT NULL,
  `createdAt` datetime(3) NOT NULL DEFAULT CURRENT_TIMESTAMP(3),
  `updatedAt` datetime(3) NOT NULL,
  PRIMARY KEY (`id`)
) ENGINE=InnoDB AUTO_INCREMENT=8 DEFAULT CHARSET=utf8mb4 COLLATE=utf8mb4_unicode_ci;
/*!40101 SET character_set_client = @saved_cs_client */;

--
-- Dumping data for table `banner`
--

LOCK TABLES `banner` WRITE;
/*!40000 ALTER TABLE `banner` DISABLE KEYS */;
INSERT INTO `banner` VALUES (1,'banner-1726132635077-113093749.jpg','null','2024-08-25 21:10:46.228','2024-09-12 09:17:15.084'),(5,'banner-1726132643149-301444036.jpg','Học theo cách của bạn cùng topgiaovien.vn','2024-08-26 03:32:31.661','2024-09-12 09:17:23.156'),(7,'banner-1726132096880-111987027.jpg','Tieng anh co ban topgiaovien','2024-08-26 03:33:52.415','2024-09-12 09:08:16.898');
/*!40000 ALTER TABLE `banner` ENABLE KEYS */;
UNLOCK TABLES;

--
-- Table structure for table `carecourse`
--

DROP TABLE IF EXISTS `carecourse`;
/*!40101 SET @saved_cs_client     = @@character_set_client */;
/*!50503 SET character_set_client = utf8mb4 */;
CREATE TABLE `carecourse` (
  `id` int NOT NULL AUTO_INCREMENT,
  `fullName` varchar(191) COLLATE utf8mb4_unicode_ci DEFAULT NULL,
  `phone` varchar(191) COLLATE utf8mb4_unicode_ci DEFAULT NULL,
  `time` varchar(500) COLLATE utf8mb4_unicode_ci DEFAULT NULL,
  `languageCare` varchar(191) COLLATE utf8mb4_unicode_ci DEFAULT NULL,
  `courseCare` varchar(191) COLLATE utf8mb4_unicode_ci DEFAULT NULL,
  `createdAt` datetime(3) NOT NULL DEFAULT CURRENT_TIMESTAMP(3),
  `updatedAt` datetime(3) NOT NULL,
  `courseId` int DEFAULT NULL,
  `teacherId` varchar(8) COLLATE utf8mb4_unicode_ci DEFAULT NULL,
  PRIMARY KEY (`id`),
  KEY `careCourse_courseId_fkey` (`courseId`),
  KEY `careCourse_teacherId_fkey` (`teacherId`),
  CONSTRAINT `careCourse_courseId_fkey` FOREIGN KEY (`courseId`) REFERENCES `course` (`id`) ON DELETE CASCADE ON UPDATE CASCADE,
  CONSTRAINT `careCourse_teacherId_fkey` FOREIGN KEY (`teacherId`) REFERENCES `teacher` (`id`) ON DELETE CASCADE ON UPDATE CASCADE
) ENGINE=InnoDB DEFAULT CHARSET=utf8mb4 COLLATE=utf8mb4_unicode_ci;
/*!40101 SET character_set_client = @saved_cs_client */;

--
-- Dumping data for table `carecourse`
--

LOCK TABLES `carecourse` WRITE;
/*!40000 ALTER TABLE `carecourse` DISABLE KEYS */;
/*!40000 ALTER TABLE `carecourse` ENABLE KEYS */;
UNLOCK TABLES;

--
-- Table structure for table `category`
--

DROP TABLE IF EXISTS `category`;
/*!40101 SET @saved_cs_client     = @@character_set_client */;
/*!50503 SET character_set_client = utf8mb4 */;
CREATE TABLE `category` (
  `id` int NOT NULL AUTO_INCREMENT,
  `content` varchar(191) COLLATE utf8mb4_unicode_ci NOT NULL,
  `icon` varchar(3000) COLLATE utf8mb4_unicode_ci DEFAULT NULL,
  PRIMARY KEY (`id`)
) ENGINE=InnoDB AUTO_INCREMENT=5 DEFAULT CHARSET=utf8mb4 COLLATE=utf8mb4_unicode_ci;
/*!40101 SET character_set_client = @saved_cs_client */;

--
-- Dumping data for table `category`
--

LOCK TABLES `category` WRITE;
/*!40000 ALTER TABLE `category` DISABLE KEYS */;
INSERT INTO `category` VALUES (1,'Tin tức','<svg xmlns=\'http://www.w3.org/2000/svg\' width=\'24\' height=\'24\' viewBox=\'0 0 24 24\' fill=\'none\'><path d=\'M13.0769 11.75H9.9231C8.8911 11.75 8.25 12.391 8.25 13.423V15.577C8.25 16.609 8.8911 17.25 9.9231 17.25H13.0769C14.1089 17.25 14.75 16.609 14.75 15.577V13.423C14.75 12.391 14.1089 11.75 13.0769 11.75ZM13.25 15.577C13.25 15.67 13.238 15.72 13.241 15.732C13.22 15.739 13.1699 15.751 13.0769 15.751H9.9231C9.8411 15.751 9.7919 15.742 9.7749 15.742C9.7719 15.742 9.77004 15.742 9.76904 15.742C9.76204 15.72 9.75 15.67 9.75 15.577V13.423C9.75 13.33 9.76203 13.28 9.75903 13.268C9.78003 13.261 9.8301 13.249 9.9231 13.249H13.0769C13.1729 13.249 13.223 13.26 13.231 13.258C13.238 13.28 13.25 13.33 13.25 13.423V15.577ZM19.75 13C19.75 13.414 19.414 13.75 19 13.75H17C16.586 13.75 16.25 13.414 16.25 13C16.25 12.586 16.586 12.25 17 12.25H19C19.414 12.25 19.75 12.586 19.75 13ZM19.75 16C19.75 16.414 19.414 16.75 19 16.75H17C16.586 16.75 16.25 16.414 16.25 16C16.25 15.586 16.586 15.25 17 15.25H19C19.414 15.25 19.75 15.586 19.75 16ZM19.75 9C19.75 9.414 19.414 9.75 19 9.75H9C8.586 9.75 8.25 9.414 8.25 9C8.25 8.586 8.586 8.25 9 8.25H19C19.414 8.25 19.75 8.586 19.75 9ZM19 4.25H9C6.582 4.25 5.25 5.582 5.25 8V8.25H4C2.483 8.25 1.25 9.484 1.25 11V18C1.25 19.516 2.483 20.75 4 20.75H19C21.418 20.75 22.75 19.418 22.75 17V8C22.75 5.582 21.418 4.25 19 4.25ZM5.25 18C5.25 18.689 4.689 19.25 4 19.25C3.311 19.25 2.75 18.689 2.75 18V11C2.75 10.311 3.311 9.75 4 9.75H5.25V18ZM21.25 17C21.25 18.577 20.577 19.25 19 19.25H6.44897C6.64097 18.875 6.75 18.45 6.75 18V8C6.75 6.423 7.423 5.75 9 5.75H19C20.577 5.75 21.25 6.423 21.25 8V17Z\' fill=\'#333333\'/></svg>'),(2,'Chương trình ưu đãi','<svg xmlns=\'http://www.w3.org/2000/svg\' width=\'24\' height=\'24\' viewBox=\'0 0 24 24\' fill=\'none\'><path d=\'M2 6C2 5.448 2.448 5 3 5H21C21.552 5 22 5.448 22 6C22 6.552 21.552 7 21 7H3C2.448 7 2 6.552 2 6ZM21 11H3C2.448 11 2 11.448 2 12C2 12.552 2.448 13 3 13H21C21.552 13 22 12.552 22 12C22 11.448 21.552 11 21 11ZM21 17H3C2.448 17 2 17.448 2 18C2 18.552 2.448 19 3 19H21C21.552 19 22 18.552 22 18C22 17.448 21.552 17 21 17Z\' fill=\'#333333\'/></svg>'),(3,'Chia sẻ tài liệu','<svg xmlns=\'http://www.w3.org/2000/svg\' width=\'24\' height=\'24\' viewBox=\'0 0 24 24\' fill=\'none\'><path d=\'M21.0359 4.18235C21.0349 4.18235 21.0349 4.18238 21.0339 4.18138C19.3329 3.37438 17.446 3.09136 15.425 3.33836C13.971 3.51736 12.741 4.34831 12 5.51231C11.258 4.34931 10.029 3.51736 8.57397 3.33836C6.55097 3.09136 4.66706 3.37438 2.96606 4.18138C2.96606 4.18138 2.96609 4.18138 2.96509 4.18138C2.53109 4.38738 2.25 4.83429 2.25 5.32029V18.3253C2.25 18.7193 2.4299 19.0804 2.7439 19.3174C3.0569 19.5544 3.4711 19.6313 3.8501 19.5223C6.7591 18.6963 9.21501 19.0464 11.583 20.6234C11.593 20.6304 11.605 20.6323 11.615 20.6383C11.626 20.6443 11.634 20.6544 11.646 20.6604C11.657 20.6664 11.6699 20.6633 11.6809 20.6693C11.7819 20.7173 11.889 20.7494 11.999 20.7494C12.109 20.7494 12.2159 20.7173 12.3169 20.6693C12. 279 20.6643 12.3411 20.6664 12.3521 20.6604C12.3631 20.6544 12.3721 20.6453 12.3821 20.6383C12.3921 20.6323 12.4041 20.6304 12.4141 20.6234C14.7791 19.0464 17.236 18.6963 20.147 19.5223C20.525 19.6293 20.9399 19.5544 21.2529 19.3174C21.5669 19.0804 21.7471 18.7183 21.7471 18.3253V5.32029C21.7501 4.83629 21.4699 4.38935 21.0359 4.18235ZM6.73389 17.5943C5.77289 17.5943 4.78 17.7283 3.75 17.9963V5.47129C5.169 4.82929 6.68811 4.61737 8.39111 4.82737C10.0211 5.02737 11.25 6.41731 11.25 8.05931V18.6903C9.815 17.9583 8.31789 17.5943 6.73389 17.5943ZM20.25 17.9963C17.524 17.2873 15.057 17.5133 12.75 18.6903V8.05931C12.75 6.41631 13.9789 5.02737 15.6079 4.82737C16.0299 4.77537 16.441 4.74937 16.842 4.74937C18.057 4.74937 19.182 4.98829 20.249 5.47129V17.9963H20.25Z\' fill=\'#333333\'/></svg>'),(4,'Thông báo mở lớp','<svg xmlns=\'http://www.w3.org/2000/svg\' width=\'24\' height=\'24\' viewBox=\'0 0 24 24\' fill=\'none\'><path d=\'M20.9441 5.28406L18.7161 3.05603C18.1951 2.53603 17.5441 2.249 16.7681 2.25C16.0321 2.251 15.341 2.53906 14.823 3.06006L2.46899 15.471C2.32799 15.6119 2.25 15.802 2.25 16V21C2.25 21.414 2.586 21.75 3 21.75H8C8.198 21.75 8.38905 21.671 8.52905 21.532L20.9399 9.177C21.4609 8.658 21.749 7.96706 21.75 7.23206C21.751 6.49606 21.4651 5.80406 20.9441 5.28406ZM7.68994 20.25H3.75V16.3101L12.7429 7.276L16.7251 11.257L7.68994 20.25ZM19.8821 8.11402L17.7881 10.199L13.801 6.21302L15.886 4.11804C16.122 3.88104 16.436 3.751 16.771 3.75H16.772C17.106 3.75 17.42 3.87997 17.657 4.11597L19.885 6.344C20.121 6.581 20.251 6.89498 20.251 7.22998C20.25 7.56398 20.1191 7.87802 19.8821 8.11402Z\' fill=\'#333333\'/></svg>');
/*!40000 ALTER TABLE `category` ENABLE KEYS */;
UNLOCK TABLES;

--
-- Table structure for table `certificate`
--

DROP TABLE IF EXISTS `certificate`;
/*!40101 SET @saved_cs_client     = @@character_set_client */;
/*!50503 SET character_set_client = utf8mb4 */;
CREATE TABLE `certificate` (
  `id` int NOT NULL AUTO_INCREMENT,
  `content` varchar(191) COLLATE utf8mb4_unicode_ci DEFAULT NULL,
  `teacherId` varchar(191) COLLATE utf8mb4_unicode_ci DEFAULT NULL,
  PRIMARY KEY (`id`),
  KEY `certificate_teacherId_fkey` (`teacherId`),
  CONSTRAINT `certificate_teacherId_fkey` FOREIGN KEY (`teacherId`) REFERENCES `teacher` (`id`) ON DELETE CASCADE ON UPDATE CASCADE
) ENGINE=InnoDB AUTO_INCREMENT=43 DEFAULT CHARSET=utf8mb4 COLLATE=utf8mb4_unicode_ci;
/*!40101 SET character_set_client = @saved_cs_client */;

--
-- Dumping data for table `certificate`
--

LOCK TABLES `certificate` WRITE;
/*!40000 ALTER TABLE `certificate` DISABLE KEYS */;
INSERT INTO `certificate` VALUES (1,'8.0 IELTS Overall','4a815d1'),(5,'IELTS 7.5 (Speaking 7.0)','c1f5578'),(6,'TOEIC 915 và IC3','c1f5578'),(7,'IELTS 8.0 (Speaking: 9.0)','04cd771'),(8,'Chứng chỉ TESOL','04cd771'),(9,'IELTS 8.0 (Listening, Reading: 9.0)','7d29e21'),(10,'TOEIC 960','7d29e21'),(12,'Chứng chỉ TESOL','ef40688'),(13,'IELTS 8.0','56406fe'),(14,'Bằng TESOL','a57de5b'),(15,'IELTS 7.0','a57de5b'),(16,'Bằng HSK 5','41d7a88'),(17,'Chứng chỉ TESOL 120 hours','a56c0d1'),(18,'IELTS 7.0','ef40688'),(19,'IELTS 7.5 (Reading 8.5)','9e41ab8'),(26,'HSK3','9e41ab8'),(27,'HSK 5 ','9a3f8fe'),(29,'HSK 6','d17cc0c'),(30,'7.5 IELTS Overall ','a56c0d1'),(31,'HSK 6','de29046'),(32,'HSK 6 ','38985cf'),(33,'IELTS 7.0',NULL),(34,'Chứng chỉ TESOL',NULL),(35,'IELTS 7.0',NULL),(36,'Chứng chỉ TESOL',NULL),(37,'IELTS 7.0',NULL),(38,'Chứng chỉ TESOL',NULL),(39,'IELTS 7.5','7d1a85a'),(40,'Chứng chỉ TESOL','7d1a85a');
/*!40000 ALTER TABLE `certificate` ENABLE KEYS */;
UNLOCK TABLES;

--
-- Table structure for table `comment`
--

DROP TABLE IF EXISTS `comment`;
/*!40101 SET @saved_cs_client     = @@character_set_client */;
/*!50503 SET character_set_client = utf8mb4 */;
CREATE TABLE `comment` (
  `id` int NOT NULL AUTO_INCREMENT,
  `content` varchar(300) COLLATE utf8mb4_unicode_ci NOT NULL,
  `level` varchar(2) COLLATE utf8mb4_unicode_ci NOT NULL,
  `image` varchar(191) COLLATE utf8mb4_unicode_ci DEFAULT NULL,
  `teacherId` varchar(8) COLLATE utf8mb4_unicode_ci DEFAULT NULL,
  `userId` varchar(191) COLLATE utf8mb4_unicode_ci DEFAULT NULL,
  `parentId` int DEFAULT NULL,
  PRIMARY KEY (`id`),
  KEY `comment_teacherId_fkey` (`teacherId`),
  KEY `comment_userId_fkey` (`userId`),
  KEY `comment_parentId_fkey` (`parentId`),
  CONSTRAINT `comment_parentId_fkey` FOREIGN KEY (`parentId`) REFERENCES `comment` (`id`) ON DELETE CASCADE ON UPDATE CASCADE,
  CONSTRAINT `comment_teacherId_fkey` FOREIGN KEY (`teacherId`) REFERENCES `teacher` (`id`) ON DELETE CASCADE ON UPDATE CASCADE,
  CONSTRAINT `comment_userId_fkey` FOREIGN KEY (`userId`) REFERENCES `user` (`id`) ON DELETE CASCADE ON UPDATE CASCADE
) ENGINE=InnoDB AUTO_INCREMENT=152 DEFAULT CHARSET=utf8mb4 COLLATE=utf8mb4_unicode_ci;
/*!40101 SET character_set_client = @saved_cs_client */;

--
-- Dumping data for table `comment`
--

LOCK TABLES `comment` WRITE;
/*!40000 ALTER TABLE `comment` DISABLE KEYS */;
INSERT INTO `comment` VALUES (1,' Thầy dạy có chuyên môn cao và giảng mẹo rất hay     ','5',NULL,'04cd771','c518d0ca-06ac-4dcf-b067-015aec6116f0',NULL),(2,'Thầy Lam siu dễ thương và sửa bài rất kĩ','5',NULL,'04cd771','a1ed9746-4d3f-4e25-98d9-ead6ac35b313',NULL),(3,'Thầy rất dễ thương và thoải mái trong quá trình dạy học ^^','5',NULL,'04cd771','b7c094a7-029d-4d67-a366-92993ae2a5d6',NULL),(4,'Giảng viên hướng dẫn tận tình, luôn nhắn tin hỏi han quan tâm quá trình học của mìnhhh ','5',NULL,'04cd771','d99e1f68-f9f0-43aa-9c5e-b4719d07d5d0',NULL),(5,' Giảng viên siêu dễ thương, rcm mn nên học','5',NULL,'04cd771','71d16fdb-4dee-4d25-89a9-1505fd057674',NULL),(6,'Thầy dạy rất có tâm và sửa bài rất kĩ luôn  loveeee','5',NULL,'04cd771','5e4c0907-4c7f-435c-ba76-da43df8f4337',NULL),(7,'Thầy rất vui tính và sửa bài kĩ, 10 điểm nhe ','5',NULL,'04cd771','cf02929a-a4f7-440b-a0b6-89c02be81223',NULL),(8,' Thầy rất thoải mái và dạy rất hayyy <3 ','5',NULL,'04cd771','671fa481-5f7d-4ca5-993a-502517b9345d',NULL),(9,'Thầy dạy siêu ổn, giọng thầy bao cuốn luôn ','5',NULL,'04cd771','8314c637-0cdf-47af-bfc3-df6ec4a0b5f3',NULL),(10,'Đạt thành tích cao là nhờ thầy Lam hết rcm mn học thầy nhen ','5',NULL,'04cd771','dbf706d1-f720-46fe-a431-5f96422c27ce',NULL),(11,'Cô cute lắm, take care mình siêu tốt ','5',NULL,'7d29e21','2dda4003-64f0-4fc8-987b-b271897d78a8',NULL),(12,'Cô dạy có tâm, và giảng siêu dễ hiểu','5',NULL,'7d29e21','2f05ec70-47a7-4a91-87d9-105db8ba0e36',NULL),(13,' Giảng viên siu dễ thương, rcm mn nên học','5',NULL,'7d29e21','67a88082-b86d-4924-9515-47b6a131829d',NULL),(14,' Giảng viên hướng dẫn tận tình, luôn nhắn tin hỏi han quan tâm quá trình học của mìnhhh ','5',NULL,'7d29e21','cba4ce7a-2ec7-48ac-b92d-bbc087b3a290',NULL),(15,'Mình vươt aim là nhờ cô Hằng hết, cô cute lắm ','5',NULL,'7d29e21','b25cdfb1-3d18-4766-96ce-be50b2765157',NULL),(16,'  Cô dạy dễ hiểu và giảng sát với level của mình               ','5',NULL,'7d29e21','9090d85d-feab-4cad-945e-509601f70c99',NULL),(17,' Giảng viên dạy có tâm và mình recommend mn nên học ','5',NULL,'7d29e21','10ce1feb-2fd6-48a6-b797-993f273e78b9',NULL),(18,'cô Hằng is the best, cô giảng rất hay và dễ hiểu ','5',NULL,'7d29e21','67976593-552d-439d-9f17-075bc3970d59',NULL),(19,'Giảng viên dạy dễ hiểu và cung cấp nhiều tài liệu học ','5',NULL,'7d29e21','d1b833aa-8307-44da-a1b1-4c6187d6afb9',NULL),(20,'Cô Hằng giảng siêu kĩ với cô nhiệt tình cực kỳ cho cô 10 điểmmm','5',NULL,'7d29e21','f5d10e01-ed64-41e6-8e20-e6b980002a6f',NULL),(21,'Cô luôn có cách truyền đạt kiến thức rất sáng tạo và thú vị, cách học không nhàm chán.','5',NULL,'56406fe','461dc2bf-d60b-45cd-8a23-ff8c1abb3d88',NULL),(22,'Cô siêu kiên nhẫn và luôn sẵn sàng giúp đỡ học sinh khi hỏi bài. Mình tiến bộ rõ rệt sau thời gian ngắn, biết ơn cô lắm lắm ','5',NULL,'56406fe','9a5775aa-ccae-4819-864d-5b9964463740',NULL),(23,'cảm ơn cô rất nhiều, cô rất có tâm luôn, những bài giảng của cô rất hay, giọng siêu dễ thương','5',NULL,'56406fe','2b05260c-b113-4153-8e31-2912251fcc2a',NULL),(24,'Sự nhiệt tình và đam mê của cô đối với môn học thật sự truyền cảm hứng cho em, iu cô ','5',NULL,'56406fe','6442f619-14a1-4790-ae7f-8ec9396e661d',NULL),(25,'Cô Khanh có phương pháp giảng dạy rất độc đáo và hiệu quả. Cô biết cách làm cho mỗi bài học trở nên hấp dẫn <3 ','5',NULL,'56406fe','1597d8f0-57c8-46be-b7a2-efd1e1d4c078',NULL),(26,'Nhờ có cô giáo, em đã cải thiện rõ rệt khả năng phát âm và từ vựng của mình. Cô luôn đưa ra phản hồi cụ thể và hữu ích cho em, cảm ơn cô rất nhiềuu','5',NULL,'56406fe','f2e7362d-bc63-4ece-b407-76bd0022dd37',NULL),(27,'Cô dạy nhiệt tình, phát âm hay, khuyên mọi người nên học cô nhe ','5',NULL,'56406fe','06539687-0764-4eef-a9ae-32f858471914',NULL),(28,'Cách dạy cô siêu dễ tiếp thu, mình đã cải thiện rất nhiều nha            ','5',NULL,'56406fe','542eecc5-5a88-4ead-af18-15418133fefc',NULL),(29,'Rcm mọi người nên học cô vì cô siu siu đáng yêu mà còn dạy dễ hiểu, sử bài thì chi tiết, lúc nào cũng chỉnh chu khi đi dạy','5',NULL,'56406fe','031fc19d-52db-42fd-8a3e-2ce7a5a0ef79',NULL),(30,'Cô dạy hay lắm nha mng rcm học cô Khanh nha ','5',NULL,'56406fe','c1d2ab39-637b-4fbc-9381-af0932997465',NULL),(31,' Cô xinh gái xỉu, dạy có tâm, và giảng siêu dễ hiểu','5',NULL,'4a815d1','4457169e-4e9c-458d-be48-77660595f9e2',NULL),(32,'  Cô sửa bài rất kĩ và chi tiết, cảm ơn cô nhiều nhiều ','5',NULL,'4a815d1','ff146b22-8db6-4e13-9eed-5d9f813e11df',NULL),(33,'Giảng viên hướng dẫn tận tình, luôn nhắn tin hỏi han quan tâm quá trình học của mình nữa á rcm mng nha ','5',NULL,'4a815d1','ab38035f-abf0-4da2-8938-e23291574ac5',NULL),(34,'  Cô dạy dễ hiểu và kĩ càng lắm, take care mình siêu kĩ <3','5',NULL,'4a815d1','66e5ecfc-f6ee-4ee7-97c2-a72be87dc866',NULL),(35,' Cô dạy dễ hiểu và giảng sát với level của mình','5',NULL,'4a815d1','cb125528-ecd8-4707-b825-2f9bc77a1f45',NULL),(36,'Giảng viên rất quan tâm đến học viên và dạy dễ hiểu','5',NULL,'4a815d1','e8db94cb-7fc6-45a0-8439-a461d2973bb6',NULL),(37,'Giảng viên dạy có tâm và mình rcm mí bạn nên học nhoa ','5',NULL,'4a815d1','ba45781d-3f0b-41c3-a6ac-bb05276674fe',NULL),(38,' Giảng viên dạy dễ hiểu và cung cấp nhiều tài liệu học','5',NULL,'4a815d1','69f15512-0486-4a61-812d-82bd95ef211f',NULL),(39,'Giảng viên dạy những mẹo học rất hay và sửa bài rất kĩ\r\n','5',NULL,'4a815d1','e89ff8eb-558b-477b-a0f1-bb11f623a4df',NULL),(40,'cô xênh gái, giọng hay, giảng siêu hay luôn á 10 điểmmm ','5',NULL,'4a815d1','40a98548-c102-4677-b94d-8c8554d61780',NULL),(41,'  Cô siêu đáng iu và quan tâm học viên','5',NULL,'c1f5578','4b6dfd62-79de-4ff6-91bb-cc1f2b4d5f38',NULL),(42,'Mọi người nên học cô bởi vì cô dạy siêu siêu dễ hiểu','5',NULL,'c1f5578','caf44f6f-db5f-4899-8ee5-4a3195d9753a',NULL),(43,'Cô Uyên siêu dễ thương và sửa bài rất kĩ','5',NULL,'c1f5578','1d4cc638-d3d7-49d6-98bf-4f6c4cecb9bc',NULL),(44,'Điểm cộng là giảng viên dạy rất có tâm và sửa bài rất kĩ nha','5',NULL,'c1f5578','b536da5e-36d5-4342-b8d5-c5f21fdb15b4',NULL),(45,'Cô dễ thương và dạy rất sát với level mình học','5',NULL,'c1f5578','909a7cb9-208d-4cb4-bcf5-29f0eeff9d98',NULL),(46,' Giảng viên hướng dẫn tận tình, luôn nhắn tin hỏi han quan tâm quá trình học của mình','5',NULL,'c1f5578','d1cf97a3-de71-424f-a203-25d49062c569',NULL),(47,'   Cô dạy dễ hiểu và take care kĩ càng học viên ','5',NULL,'c1f5578','1364a982-1e69-475f-9d31-3c6ecfd680ba',NULL),(48,'Cô dạy dễ hiểu và giảng sát với level của mình','5',NULL,'c1f5578','48cd79b5-137a-401e-a115-27205d7fc316',NULL),(49,'  Giảng viên rất quan tâm đến học viên và dạy dễ hiểuuu','5',NULL,'c1f5578','7528dfbe-1497-480d-a971-f2a971acbcf6',NULL),(50,'Cô siêu cấp đáng iu và dạy rất dễ hiểu, giọng cô rất hay ','5',NULL,'c1f5578','b70ab87c-0976-43a5-99cc-64f50a94e2ca',NULL),(51,'Thầy rất dễ thương và thoải mái trong quá trình dạy học','5',NULL,'a56c0d1','d07eeec2-5f7f-403c-a101-2eafd5f54cf6',NULL),(52,'  Thầy rất thoải mái và vui khi dạy, mình học được nhiều mẹo từ thầy lắm ','5',NULL,'a56c0d1','c90062ac-0665-432e-b409-67cc2a65d87f',NULL),(53,'Thầy dạy rất hay và có chuyên môn','5',NULL,'a56c0d1','4eebaca6-6543-46db-9ec9-022b3d3fb579',NULL),(54,'Mr Tâm dạy rất có tâm và sửa bài rất kĩ nhen, rate 10/10 \r\n','5',NULL,'a56c0d1','a635b971-927c-4801-9bde-dd03053b1f04',NULL),(55,'Thầy dạy dễ hiểu và thân thiện với học viên lắm ','5',NULL,'a56c0d1','f7fdb37e-0702-4943-aeeb-ac2db6205c67',NULL),(56,'Giảng viên dạy dễ hiểu mà còn cung cấp nhiều tài liệu học bổ ích nữa ','5',NULL,'a56c0d1','2dd7d152-f1ed-4c38-a714-26b04929141c',NULL),(57,'Giảng viên dạy những mẹo học rất hay và sửa bài rất kĩ','5',NULL,'a56c0d1','0356869f-97ba-414e-9ee8-d76ebd0e1135',NULL),(58,'  Thầy dễ thương và dạy rất hay','5',NULL,'a56c0d1','98d90a09-9a68-4336-9d89-50c877671441',NULL),(59,'Thầy dễ thương và dạy rất hay luôn í ','5',NULL,'a56c0d1','8e539c9b-f4a0-4fe8-a149-8ef675f1b94a',NULL),(60,'Thầy dạy dễ hiểu và thân thiện với học viên, thầy chỉ cho mình nhiều tips hay lắm ','5',NULL,'a56c0d1','9daba937-524f-49d7-b00d-51db05631c18',NULL),(61,' Cô siêu đáng iu và rất quan tâm học viên <3 <3','5',NULL,'ef40688','ecd53c1f-f304-4eac-a302-48170a23c6e6',NULL),(62,'Mọi người nên học cô bởi vì cô dạy siu siu dễ hiểu  ','5',NULL,'ef40688','2944f408-a2ca-401a-bc4e-f42f05757a46',NULL),(63,' Giảng viên dạy rất có tâm và sửa bài rất kĩ cho 10 điểm luônnnn','5',NULL,'ef40688','b6e6328f-71bc-48c4-8e7f-1a98d3f06ce4',NULL),(64,'Cô siêu dễ thương và giọng cô rất hay','5',NULL,'ef40688','471f16ad-7a1b-4cfe-9b51-9634068f7523',NULL),(65,'Cô siêu dễ thương và sửa bài rất kĩ, hay hỏi han mình lắm ','5',NULL,'ef40688','b9b34cc5-3141-4bf5-9fec-6d089b308610',NULL),(66,'Cô siêu dễ thương và giọng cô rất hay, giảng dễ hiểu nữa   ','5',NULL,'ef40688','a0ed36ef-1694-44de-8983-78369ea359f8',NULL),(67,' Cô sửa bài rất kĩ và chi tiết, cô chấm bài cũng chi tiết nữa ','5',NULL,'ef40688','47d4cc2c-49da-45c0-a58a-f3f77ecc1ddd',NULL),(68,' Cô Nhung siêu dễ thương, rcm mn nên học nha ','5',NULL,'ef40688','d7ec1fc9-1bf4-45d4-80e9-b729d0a13699',NULL),(69,'cam ơn cô rất nhieu, nhờ có cô mà kĩ năng tiếng anh em lên trình lắm ạ ','5',NULL,'ef40688','264bc971-8197-4c64-9894-c87a362b275d',NULL),(70,' Giảng viên hướng dẫn tận tình, luôn nhắn tin hỏi han quan tâm quá trình học của mình\r\n','5',NULL,'ef40688','c02972a5-a825-41a5-9a31-9f1b27c86f90',NULL),(71,'Cách dạy cô siêu dễ tiếp thu, mình đã cải thiện rất nhiều              ','5',NULL,'9e41ab8','1ae99418-32ea-4862-b897-badc73c6c913',NULL),(72,'Rcm mọi người nên học cô vì cô siêu siêu đáng yêu mà còn dạy dễ hiểu, sử bài thì chi tiết, lúc nào cũng chỉnh chu khi đi dạy','5',NULL,'9e41ab8','9dfe5b26-9276-46fe-8882-1dd4c70b8c2d',NULL),(73,'Cô dạy nhiệt tình, phát âm hay, khuyên mọi người nên học cô nhennnn ','5',NULL,'9e41ab8','b915e57f-1a18-48e1-a8fb-f1fd15e85b56',NULL),(74,'Nhờ có cô giáo, tôi đã cải thiện rõ rệt khả năng phát âm và từ vựng của mình. Cô luôn đưa ra phản hồi cụ thể và hữu ích, cam ơn co','5',NULL,'9e41ab8','0f9d2e52-a0dd-4d30-ab54-a271f5c88b29',NULL),(75,'Cô có phương pháp giảng dạy rất độc đáo và hiệu quả. Cô biết cách làm cho mỗi bài học trở nên hấp dẫn hơn nhiều luôn nè ','5',NULL,'9e41ab8','5290adac-44c7-4924-9252-f71c7183262b',NULL),(76,'Sự nhiệt tình và đam mê của cô đối với môn học thật sự truyền cảm hứng cho tụi em ','5',NULL,'9e41ab8','7d060f04-812f-4ca9-8517-07d90dce7449',NULL),(77,'Mỗi buổi học với cô đều tràn đầy năng lượng và sự hứng thú. Không khí lớp học vui vẻ, thoải mái.g siêu dễ thương!!','5',NULL,'9e41ab8','cbf61b06-87eb-44df-b2eb-ed77f85c1f52',NULL),(78,'Cô có phương pháp giảng dạy rất độc đáo và hiệu quả. Cô biết cách làm cho mỗi bài học trở nên hấp dẫn, tks cô nhiều ','5',NULL,'9e41ab8','6a0ba4eb-eee4-40f5-a3ed-e560a496b2f2',NULL),(79,'Cô dạy nhiệt tình, phát âm hay, khuyên mọi người nên học cô Ngọc nhé ','5',NULL,'9e41ab8','b9f49c4a-0497-4347-8947-a5eaeaaa7a76',NULL),(80,'Cách dạy cô siêu dễ tiếp thu, mình đã cải thiện rất nhiều                 ','5',NULL,'9e41ab8','d0e0762e-8bdb-46d4-9e3b-f1ca7257ad7b',NULL),(81,'Thầy rất dễ thương và thoải mái trong quá trình dạy học','5',NULL,'a57de5b','5a5007af-4ddf-41ad-b22d-43964e500628',NULL),(82,' Thầy dạy rất hay và có chuyên môn, cam ơn thầy ','5',NULL,'a57de5b','e770e47a-c39c-4b17-9275-d39945c1708e',NULL),(83,'   Mọi người nên học thầy vì thầy siu cấp đáng iu','5',NULL,'a57de5b','abfa2702-a104-411f-a6ab-149cf2b1198e',NULL),(84,' Thầy dạy có tâm và sửa lỗi Speaking rất tuyệt','5',NULL,'a57de5b','2137143b-b1af-4822-8b68-2f0476bff1f7',NULL),(85,'Học thầy rất vui và lên band điểm nhanh, cảm ơn thầy nhiều ','5',NULL,'a57de5b','54065a13-b0bc-44ef-a01e-53a4541f6273',NULL),(86,' Học thầy giúp mình hiểu ra được nhiều thứ hay ho từ IELTS','5',NULL,'a57de5b','5beb9fd0-0834-40a0-8bc4-b02d35e4c383',NULL),(87,'Mình sẽ học thầy tiếp nếu có cơ hội vì thầy siêu dễ thương và tận tâm','5',NULL,'a57de5b','5beb9fd0-0834-40a0-8bc4-b02d35e4c383',NULL),(88,'  Mình đã rcm cho bạn mình học thầy vì thầy dạy rất tuyệt\r\n','5',NULL,'a57de5b','f7e7e6c7-0dc4-4511-8af8-659dde3579fc',NULL),(89,'Thầy dạy rất hay và có chuyên môn, học được nhiều mẹo hay nữa \r\n','5',NULL,'a57de5b','ecc0933f-36ea-4a38-aa6e-f5c556c2e621',NULL),(90,'Thầy dạy ổn lắm luôn, luôn take care mình siêu kỹ luôn á ','5',NULL,'a57de5b','ca85782d-04ef-4793-8f8d-205f04dbc159',NULL),(91,'Cô Mai dạy dễ hiểu và cung cấp nhiều tài liệu học','5',NULL,'9a3f8fe','f0dc9058-72e5-4246-973e-2f05e8a8624c',NULL),(92,'Cô siêu đáng iu và quan tâm học viên sát sao ','5',NULL,'9a3f8fe','d8932244-575f-4a96-9850-5d4ae3a6c63e',NULL),(93,'Mọi người nên học cô bởi vì cô dạy siêu siêu dễ hiểu mà còn tận tình nữa ','5',NULL,'9a3f8fe','dd3587b0-7190-4bbf-9a23-039b2b5bde7a',NULL),(94,'cảm on cô Mai rất nhiều, tận tình và nhiệt huyết lắm!','5',NULL,'9a3f8fe','c1812f52-294d-4e64-a20c-e099a011faba',NULL),(95,'Cô có nhiều kinh nghiệm lắm nên mình siêu thích khi học cô<3','5',NULL,'9a3f8fe','17717153-92b7-489b-9881-91e36e7d3721',NULL),(96,' Cô dạy cuốn và giọng dễ nghe, sửa bài kĩ','5',NULL,'9a3f8fe','3499af77-51de-437e-a943-95b58c78577c',NULL),(97,'Cô rất take care học viên và luôn inb hỏi han tình hình học tập của mình\r\n','5',NULL,'9a3f8fe','7ef504f3-5b2d-43cd-a0dd-7a4be4431f2a',NULL),(98,' Cô sửa lỗi phát âm rất kĩ và giảng bài dễ hiểu, giọng cô chuẩn ','5',NULL,'9a3f8fe','2840e89e-828d-4107-acf5-786f3484c4f1',NULL),(99,'Giảng viên dạy rất có tâm và sửa bài rất kĩ và chi tiết luôn á ','5',NULL,'9a3f8fe','0f38dd8d-65c2-42a5-a1f8-a91c65cfd2e1',NULL),(100,'Mọi người nên học cô bởi vì cô dạy dễ hiểu và phát âm rất hay \r\n','5',NULL,'9a3f8fe','d8837feb-0daf-43a9-8a86-d09ee54a10a0',NULL),(101,'Cô siêu đáng iu và quan tâm học viên, cảm ơn cô rất nhiều nhe ','5',NULL,'9a3f8fe','2fa67b19-54f3-4dff-a38e-cb6818a13eb5',NULL),(102,'Cô xênh gái, tận tình với giảng bài rất hayyy ','5',NULL,'41d7a88','94545703-1cca-4abe-b927-715ace3caaaa',NULL),(103,'  Cô sửa lỗi phát âm rất kĩ và giảng bài dễ hiểu','5',NULL,'41d7a88','73594f85-420b-4a6b-bcc2-a17d8497a90f',NULL),(104,'Giảng viên dạy rất có tâm và sửa bài rất kĩ luon ','5',NULL,'41d7a88','07c88d9f-bb53-4b90-ba4e-6b64f994076c',NULL),(105,' Cô siêu đáng iu và quan tâm học viên','5',NULL,'41d7a88','b0ac5baa-0d46-4bc4-9ee9-5062f9dacc10',NULL),(106,'cảm cô cô Vy rất nhiều, nhờ cô mà mình tiến bộ rất nhiều ','5',NULL,'41d7a88','4f874b87-7d6c-4a10-948b-7a304cc3f521',NULL),(107,'Mọi người nên học cô bởi vì cô dạy siêu siêu dễ hiểu nhaaaa ','5',NULL,'41d7a88','d1351565-20f1-41e5-b2d0-304dd8a88391',NULL),(108,' Giảng viên dạy rất có tâm và sửa bài chi tiết, chỉnh sửa phát âm rất kĩ <3 ','5',NULL,'41d7a88','68ee0581-7d19-424c-8a97-e79ad9cfff96',NULL),(109,' Cô dạy cuốn và giọng dễ nghe, sửa bài kĩ, với cô dễ thương lắm ','5',NULL,'41d7a88','07112e1d-7e46-4b80-a3ed-61ae07890273',NULL),(110,'Cô dạy hay và cuốn hút, tận tâm với học viên ','5',NULL,'41d7a88','5052888e-bb0e-4eb6-9555-43a62f488d85',NULL),(111,'Cô xinh gái, giảng hay, tận tình nữa tuyệt zời 10 điểm ','5',NULL,'41d7a88','55a668c1-ceed-4f5f-a677-7263d8e05891',NULL),(112,'Thầy dạy rất hay và có chuyên môn ','5',NULL,'d17cc0c','39ba9225-a808-4110-acf2-3f1e0073120b',NULL),(113,' Mọi người nên học thầy vì thầy siêu vui tính ','5',NULL,'d17cc0c','fc8d6cd1-e891-4063-8f09-38f6c7cdb4eb',NULL),(114,'Thầy dạy có tâm và sửa lỗi phát âm rất kĩ, love thầyyy','5',NULL,'d17cc0c','e8ccf177-9fb8-4d0a-82b6-64f069e9d4b2',NULL),(115,'Thầy dạy mẹo làm bài rất hay và bổ ích <3 <3','5',NULL,'d17cc0c','daae867d-4fd3-4a71-be19-fd3e7b4278f0',NULL),(116,'Học thầy rất vui và lên band điểm nhanh','5',NULL,'d17cc0c','5f3f0dac-c3aa-496d-af06-b33430088f50',NULL),(117,'Học thầy giúp mình hiểu ra được nhiều thứ về tiếng Trung lắm ^^','5',NULL,'d17cc0c','624965ae-917c-4ac9-86b5-20f8d964fe84',NULL),(118,'Mình sẽ học thầy tiếp nếu có cơ hội vì thầy siêu dễ thương và tận tâm','5',NULL,'d17cc0c','a2313647-d2d9-4044-9181-e34667d08c70',NULL),(119,' Mình đã recommend cho bạn mình học thầy vì thầy dạy rất tuyệt','5',NULL,'d17cc0c','082122bc-9ff8-413c-a79b-c09c0f22431f',NULL),(120,'Thầy siêu dễ thương và rất quan tâm học viên!!','5',NULL,'d17cc0c','4c836f52-c2e7-442c-a2f0-4ee1782cc63f',NULL),(121,'Cách dạy của thầy làm cho mình cảm thấy rất dễ hiểu và không bị buồn ngủ\r\n','5',NULL,'d17cc0c','1ca8b5d7-33c6-48ac-92ee-7ac5b3337cdb',NULL),(122,'Học thầy giúp mình tiến bộ cực kì nhanh luôn, cảm ơn thầy và Topgiaovien nhiều ','5',NULL,'38985cf','1ba7a536-21e5-4f16-a1f7-0521c93c9e59',NULL),(123,'Thầy rất dễ thương và quan tâm từng học viên cả khi trên lớp và khi về nhà','5',NULL,'38985cf','b4b1a58e-5c7a-4db4-8572-8347273b1866',NULL),(124,' Cách dạy của thầy làm cho mình cảm thấy rất dễ hiểu và không bị buồn ngủ','5',NULL,'38985cf','deedde8b-b342-4152-b314-ca7cbd50981a',NULL),(125,'  Mình rcm mọi người nên học thầy bởi thầy có những mẹo học rất thú vị','5',NULL,'38985cf','ee83ebc7-9126-4acd-b6f0-01835b4a9a13',NULL),(126,'  Mình sẽ học thầy tiếp nếu có cơ hội vì thầy siêu dễ thương và tận tâm','5',NULL,'38985cf','34993245-edfb-4213-9acd-9aa2fc2389e6',NULL),(127,'Thầy dạy siêu cuốn, giọng hay phát âm chuẩn lắm ạ \r\n','5',NULL,'38985cf','2dc32c18-4881-4d4f-ae28-86adb83197ec',NULL),(128,'Thầy sửa lỗi phát âm rất kĩ và chi tiết cho từng học viên nên mình cảm thấy học thầy rất ổn','5',NULL,'38985cf','8150b742-5751-4701-b700-b59aedc82f78',NULL),(129,'Thầy sửa lỗi homework rất kĩ càng và chỉ ra được những lỗi mình hay mắc phải để cải thiện\r\n','5',NULL,'38985cf','fb7ff141-138f-462a-a148-11cba8c03acb',NULL),(130,'Thầy dạy hay, tận tình lắm!!','5',NULL,'38985cf','fc3917e0-bc9d-402f-85b6-60cf15e30b48',NULL),(131,'Học thầy là thời gian trôi nhanh lắm luôn, giảng cực kì cuốn ','5',NULL,'38985cf','64bff182-d689-4994-86ee-55cc536a79c2',NULL),(132,'Học thầy giúp mình hiểu ra được nhiều thứ hay ho từ tiếng Trung','5',NULL,'de29046','21a8a764-2188-49b7-b8c2-ab67bf4c59a7',NULL),(133,'Thầy sửa lỗi phát âm rất kĩ và chi tiết cho từng học viên nên mình cảm thấy học thầy rất ổn','5',NULL,'de29046','afa17b0a-7aa4-49e8-bd0a-c990521074d6',NULL),(134,' Cách dạy của thầy làm cho mình cảm thấy rất dễ hiểu và không bị buồn ngủ','5',NULL,'de29046','60a7aa2d-cc45-4696-b322-159e9f814977',NULL),(135,'Mình rcm mọi người nên học thầy bởi thầy có những mẹo học rất thú vị','5',NULL,'de29046','fea458f3-5cea-4160-b4cb-6847fe191f6d',NULL),(136,' Thầy rất dễ thương và quan tâm từng học viên cả khi trên lớp và khi về nhà','5',NULL,'de29046','75eaf8af-a904-4782-88ab-bf030636bce2',NULL),(137,'  Thầy siu dễ thương và quan tâm học viên','5',NULL,'de29046','6cb59b35-e363-49ef-b786-c9f528df6396',NULL),(138,'  Thầy siêu dễ thương và quan tâm học viên, cảm ơn thầy nhiều \r\n','5',NULL,'de29046','0edfa5d7-3161-4de7-8d20-23a5a2272497',NULL),(139,'Cách dạy của thầy làm cho mình cảm thấy rất dễ hiểu và không bị buồn ngủ','5',NULL,'de29046','cb453de8-be4c-4daf-9b7b-34d5736c52f6',NULL),(140,'Thầy sửa lỗi homework rất kĩ càng và chỉ ra được những lỗi mình hay mắc phải để cải thiện!\r\n','5',NULL,'de29046','4fe4b78a-0c21-4fd6-b19f-e6d86514b9a6',NULL),(141,'Học được nhiều thứ hay ho từ thầy, thầy tận tình chỉnh sửa phát âm cho học viên lắm <3 <3','5',NULL,'de29046','94ba3511-b1af-4300-8260-7a81eb944380',NULL),(142,'Thầy rất dễ thương và thoải mái trong quá trình dạy học','5',NULL,'7d1a85a','096c6f32-f86d-4e3d-8be1-69bf164672d7',NULL),(143,' Giảng viên siêu dễ thương và sửa bài rất kĩ','5',NULL,'7d1a85a','009b3fec-2f26-4c51-a7aa-09adebee9502',NULL),(144,'Thầy dạy dễ hiểu và thân thiện với học viên      ','5',NULL,'7d1a85a','ad8cd43a-5d97-4cc2-a6f5-22bd93dbc7cf',NULL),(145,' Thầy dạy rất hay và có chuyên môn luôn á, 10 điểmmm','5',NULL,'7d1a85a','c4fad1db-cb40-48d8-a67a-20f8ba496619',NULL),(146,'Thầy dạy dễ hiểu và thân thiện với học viên lắm, mãi iu <3','5',NULL,'7d1a85a','48ea7aa4-7b00-4fa8-902e-37c3976b889b',NULL),(147,'Giảng viên dạy dễ hiểu và cung cấp nhiều tài liệu học','5',NULL,'7d1a85a','f85e399c-fca9-4452-ae39-3cf9b9e3d625',NULL),(148,'Giảng viên dạy những mẹo học rất hay và sửa bài rất kĩ','5',NULL,'7d1a85a','ffda9f3d-2771-495b-8114-aee540ac4e14',NULL),(149,'   Thầy dễ thương và dạy rất hay, phát âm chuẩn','5',NULL,'7d1a85a','4ec187e5-da50-41c4-b597-03ee58e49189',NULL),(150,' Thầy siu dễ thương và dạy rất dễ hiểu, mình đã học được nhiều mẹo hay từ thầy','5',NULL,'7d1a85a','c19cf34d-4bec-4dfe-8e06-4d440d6b9fab',NULL),(151,'Mình từng học thầy và đạt điểm khá cao nhờ sự quan tâm và giảng dạy của thầy, mình rcm cho các bạn muốn điểm cao nên học thầy','5',NULL,'7d1a85a','cbeba42b-8972-4c4c-8166-e0c997342452',NULL);
/*!40000 ALTER TABLE `comment` ENABLE KEYS */;
UNLOCK TABLES;

--
-- Table structure for table `commentlike`
--

DROP TABLE IF EXISTS `commentlike`;
/*!40101 SET @saved_cs_client     = @@character_set_client */;
/*!50503 SET character_set_client = utf8mb4 */;
CREATE TABLE `commentlike` (
  `id` int NOT NULL AUTO_INCREMENT,
  `commentId` int DEFAULT NULL,
  `userId` varchar(191) COLLATE utf8mb4_unicode_ci DEFAULT NULL,
  PRIMARY KEY (`id`),
  UNIQUE KEY `commentLike_commentId_userId_key` (`commentId`,`userId`),
  KEY `commentLike_userId_fkey` (`userId`),
  CONSTRAINT `commentLike_commentId_fkey` FOREIGN KEY (`commentId`) REFERENCES `comment` (`id`) ON DELETE CASCADE ON UPDATE CASCADE,
  CONSTRAINT `commentLike_userId_fkey` FOREIGN KEY (`userId`) REFERENCES `user` (`id`) ON DELETE CASCADE ON UPDATE CASCADE
) ENGINE=InnoDB AUTO_INCREMENT=4 DEFAULT CHARSET=utf8mb4 COLLATE=utf8mb4_unicode_ci;
/*!40101 SET character_set_client = @saved_cs_client */;

--
-- Dumping data for table `commentlike`
--

LOCK TABLES `commentlike` WRITE;
/*!40000 ALTER TABLE `commentlike` DISABLE KEYS */;
INSERT INTO `commentlike` VALUES (2,1,'5e4c0907-4c7f-435c-ba76-da43df8f4337'),(3,41,'1d4cc638-d3d7-49d6-98bf-4f6c4cecb9bc');
/*!40000 ALTER TABLE `commentlike` ENABLE KEYS */;
UNLOCK TABLES;

--
-- Table structure for table `course`
--

DROP TABLE IF EXISTS `course`;
/*!40101 SET @saved_cs_client     = @@character_set_client */;
/*!50503 SET character_set_client = utf8mb4 */;
CREATE TABLE `course` (
  `id` int NOT NULL AUTO_INCREMENT,
  `title` varchar(191) COLLATE utf8mb4_unicode_ci DEFAULT NULL,
  `urlChoice` varchar(191) COLLATE utf8mb4_unicode_ci DEFAULT 'DM2ChbGOjKE',
  `slug` varchar(191) COLLATE utf8mb4_unicode_ci DEFAULT NULL,
  `content` varchar(500) COLLATE utf8mb4_unicode_ci DEFAULT NULL,
  `image` varchar(191) COLLATE utf8mb4_unicode_ci DEFAULT NULL,
  `typeLearn` enum('Online','Offline','All') COLLATE utf8mb4_unicode_ci NOT NULL DEFAULT 'All',
  `review` varchar(255) COLLATE utf8mb4_unicode_ci DEFAULT NULL,
  `goal` varchar(255) COLLATE utf8mb4_unicode_ci DEFAULT NULL,
  `satisfied` varchar(255) COLLATE utf8mb4_unicode_ci DEFAULT NULL,
  `differentTitle1` varchar(191) COLLATE utf8mb4_unicode_ci DEFAULT NULL,
  `differentContent1` varchar(1000) COLLATE utf8mb4_unicode_ci DEFAULT NULL,
  `differentTitle2` varchar(191) COLLATE utf8mb4_unicode_ci DEFAULT NULL,
  `differentContent2` varchar(1000) COLLATE utf8mb4_unicode_ci DEFAULT NULL,
  `differentTitle3` varchar(191) COLLATE utf8mb4_unicode_ci DEFAULT NULL,
  `differentContent3` varchar(1000) COLLATE utf8mb4_unicode_ci DEFAULT NULL,
  `reviewCourseTitle1` varchar(191) COLLATE utf8mb4_unicode_ci DEFAULT NULL,
  `reviewCourseImage1` varchar(191) COLLATE utf8mb4_unicode_ci DEFAULT NULL,
  `reviewCourseTitle2` varchar(191) COLLATE utf8mb4_unicode_ci DEFAULT NULL,
  `reviewCourseImage2` varchar(191) COLLATE utf8mb4_unicode_ci DEFAULT NULL,
  `reviewCourseTitle3` varchar(191) COLLATE utf8mb4_unicode_ci DEFAULT NULL,
  `reviewCourseImage3` varchar(191) COLLATE utf8mb4_unicode_ci DEFAULT NULL,
  `reviewCourseTitle4` varchar(191) COLLATE utf8mb4_unicode_ci DEFAULT NULL,
  `reviewCourseImage4` varchar(191) COLLATE utf8mb4_unicode_ci DEFAULT NULL,
  `linkChat` varchar(191) COLLATE utf8mb4_unicode_ci DEFAULT NULL,
  `createdAt` datetime(3) NOT NULL DEFAULT CURRENT_TIMESTAMP(3),
  `updatedAt` datetime(3) NOT NULL,
  `courseCategoryId` int DEFAULT NULL,
  `courseSubCategoryId` int DEFAULT NULL,
  `locationId` int DEFAULT NULL,
  PRIMARY KEY (`id`),
  UNIQUE KEY `course_slug_key` (`slug`),
  KEY `course_courseCategoryId_fkey` (`courseCategoryId`),
  KEY `course_courseSubCategoryId_fkey` (`courseSubCategoryId`),
  KEY `course_locationId_fkey` (`locationId`),
  CONSTRAINT `course_courseCategoryId_fkey` FOREIGN KEY (`courseCategoryId`) REFERENCES `coursecategory` (`id`) ON DELETE CASCADE ON UPDATE CASCADE,
  CONSTRAINT `course_courseSubCategoryId_fkey` FOREIGN KEY (`courseSubCategoryId`) REFERENCES `coursesubcategory` (`id`) ON DELETE CASCADE ON UPDATE CASCADE,
  CONSTRAINT `course_locationId_fkey` FOREIGN KEY (`locationId`) REFERENCES `location` (`id`) ON DELETE CASCADE ON UPDATE CASCADE
) ENGINE=InnoDB AUTO_INCREMENT=64 DEFAULT CHARSET=utf8mb4 COLLATE=utf8mb4_unicode_ci;
/*!40101 SET character_set_client = @saved_cs_client */;

--
-- Dumping data for table `course`
--

LOCK TABLES `course` WRITE;
/*!40000 ALTER TABLE `course` DISABLE KEYS */;
INSERT INTO `course` VALUES (48,'TOEIC PREMIUM (0 - 800+)','','tieng-anh-toeic-premium-0-800','Cam kết đầu ra - đạt mục tiêu mong muốn\r\nLớp Premium 4-6 học viên/ lớp - Khai giảng thường xuyên\r\nTặng toàn bộ giáo trình trong khóa trị giá đến 300k\r\nKho tài liệu học tập cập nhật mới liên tục','course-1724989956786-31430667.jpg','All','1000','95','98','Lớp học quá đông và khó đảm bảo được chất lượng','Bạn từng thấy nhiều lớp học TOEIC với số lượng từ 20 – 30 học viên và giáo viên không đủ thời gian để quan tâm, tương tác đến từng bạn.','Cấp gấp bằng TOEIC trong thời gian ngắn','Tự học TOEIC thường khiến bạn dễ mất định hướng do không có phương pháp học tập hiệu quả hay một người thầy chuyên môn để trao đổi, sửa lỗi và hướng dẫn cho bạn.','Chương trình học không phù hợp với trình độ của bản thân','Học nhóm không hiệu quả, bạn cần một lộ trình học được thiết kế chuyên biệt với phương pháp học TOEIC dành riêng cho nhu cầu và trình độ cá nhân của mình.','Chấm chữa bài và luyện tập trực tiếp với giáo viên','course-1725007173358-667210618.jpg','Thi thử không giới hạn số lần','course-1725007181239-351426649.jpg','Vô số tài liệu học tập từ giáo viên và trung tâm','course-1725007241708-445728839.jpg','30 khóa học đã mở và nhận về đánh giá tích cực từ học viên','course-1725008726803-448781602.jpg',NULL,'2024-08-29 14:03:22.836','2024-09-16 06:19:34.568',1,6,1),(50,'TOEIC KÈM 1VS1 OR 1VS2','','tieng-anh-toeic-kem-1vs1-or-1vs2','Chỉ giáo viên và học viên – Tiết kiệm GẤP 2 thời gian học TOEIC','course-1724990317964-390826886.jpg','All','1000','95','98','Lớp học quá đông và khó đảm bảo được chất lượng','Bạn từng thấy nhiều lớp học TOEIC với số lượng từ 20 – 30 học viên và giáo viên không đủ thời gian để quan tâm, tương tác đến từng bạn.','Cấp gấp bằng TOEIC trong thời gian ngắn','Tự học TOEIC thường khiến bạn dễ mất định hướng do không có phương pháp học tập hiệu quả hay một người thầy chuyên môn để trao đổi, sửa lỗi và hướng dẫn cho bạn.','Chương trình học không phù hợp với trình độ của bản thân','Học nhóm không hiệu quả, bạn cần một lộ trình học được thiết kế chuyên biệt với phương pháp học TOEIC dành riêng cho nhu cầu và trình độ cá nhân của mình.','1 kèm 1 với giáo viên - Chắc chắn điểm đầu ra','course-1725007426593-586895974.jpg','Linh hoạt thời gian học và hình thức học theo lịch trình bản thân','course-1725007436326-990813946.jpg','Cá nhân hóa lộ trình học và tăng khả năng phát triển bản thân','course-1725007452876-335317283.jpg','Đánh giá tích cực từ học viên','course-1725007469862-788923071.jpg',NULL,'2024-08-29 14:13:47.372','2024-09-16 03:22:55.761',1,6,1),(53,'GIAO TIẾP PREMIUM','','tieng-anh-giao-tiep-premium','Nâng cao khả năng ngôn ngữ của bạn\r\nLớp Premium 4-6 học viên/ lớp - Khai giảng thường xuyên\r\nTặng toàn bộ giáo trình trong khóa trị giá đến 300k\r\nKho tài liệu học tập cập nhật mới liên tục\r\n','course-1724989999337-157116454.jpg','All','1000','95','98','Lớp học quá đông và khó đảm bảo được chất lượng','Bạn từng thấy nhiều lớp học giao tiếp với số lượng từ 20 – 30 học viên và giáo viên không đủ thời gian để quan tâm, tương tác đến từng bạn.','Cần học gấp giao tiếp để có thể sử dụng trong công việc','Tự học giao tiếp thường khiến bạn dễ mất định hướng do không có phương pháp học tập hiệu quả hay một người thầy chuyên môn để trao đổi, sửa lỗi và hướng dẫn cho bạn.','Chương trình học không phù hợp với trình độ của bản thân','Học nhóm không hiệu quả, bạn cần một lộ trình học được thiết kế chuyên biệt với phương pháp học giao tiếp dành riêng cho nhu cầu và trình độ cá nhân của mình.','Học đúng vào kĩ năng giao tiếp, không học lệch trọng tâm','course-1725002875657-115536280.jpg','Bài học theo tình huống thực tế áp dụng ngay vào thực tiễn','course-1725003829011-363290169.jpg','Lộ trình học tập rõ ràng - theo chuẩn châu âu CEFR Levels','course-1725003837334-475530360.jpg','Học viên có thể giao tiếp tốt lên ngay sau khóa học','course-1725002953153-524260630.jpg',NULL,'2024-08-29 14:19:19.913','2024-09-16 03:15:52.422',1,3,1),(55,'GIAO TIẾP 1VS1 OR 1VS2','','tieng-anh-giao-tiep-1vs1-or-1vs2','Chỉ giáo viên và học viên – Tiết kiệm GẤP 2 thời gian học giao tiếp','course-1724990334655-274855244.jpg','All','1000','95','98','Lớp học quá đông và khó đảm bảo được chất lượng','Bạn từng thấy nhiều lớp học giao tiếp với số lượng từ 20 – 30 học viên và giáo viên không đủ thời gian để quan tâm, tương tác đến từng bạn.','Cần học gấp giao tiếp để có thể sử dụng trong công việc','Tự học giao tiếp thường khiến bạn dễ mất định hướng do không có phương pháp học tập hiệu quả hay một người thầy chuyên môn để trao đổi, sửa lỗi và hướng dẫn cho bạn.','Chương trình học không phù hợp với trình độ của bản thân','Học nhóm không hiệu quả, bạn cần một lộ trình học được thiết kế chuyên biệt với phương pháp học giao tiếp dành riêng cho nhu cầu và trình độ cá nhân của mình.','Học đúng vào kĩ năng giao tiếp, không học lệch trọng tâm','course-1725005025146-409577587.jpg','Bài học theo tình huống thực tế áp dụng ngay vào thực tiễn','course-1725004642800-331376281.jpg','Lộ trình học tập rõ ràng - theo chuẩn châu âu CEFR Levels','course-1725004666010-219354402.jpg','Học viên có thể giao tiếp tốt lên ngay sau khóa học','course-1725004677440-511680952.jpg',NULL,'2024-08-29 14:20:36.327','2024-09-16 03:16:12.407',1,3,1),(58,'IELTS PREMIUM (0 - 7.5+)','','tieng-anh-ielts-premium-0-75','Cam kết tăng ít nhất 1.0-1.5 band score sau 1 khóa học\r\nLớp Premium 4-6 học viên/ lớp - Khai giảng thường xuyên\r\nTặng toàn bộ giáo trình trong khóa trị giá đến 300k\r\nKho tài liệu học tập cập nhật mới liên tục\r\nĐạt aim hoàn học phí lên đến 100%','course-1724987579715-350848489.jpg','All','1000','95','98','Lớp học quá đông và khó đảm bảo được chất lượng','Bạn từng thấy nhiều lớp học IELTS với số lượng từ 20 – 30 học viên và giáo viên không đủ thời gian để quan tâm, tương tác đến từng bạn.','Cấp gấp bằng IELTS trong thời gian ngắn','Tự học IELTS thường khiến bạn dễ mất định hướng do không có phương pháp học tập hiệu quả hay một người thầy chuyên môn để trao đổi, sửa lỗi và hướng dẫn cho bạn.','Chương trình học không phù hợp với trình độ của bản thân','Học nhóm không hiệu quả, bạn cần một lộ trình học được thiết kế chuyên biệt với phương pháp học IELTS dành riêng cho nhu cầu và trình độ cá nhân của mình.','Chấm chữa bài và luyện tập trực tiếp với giáo viên','course-1724991329862-875473838.jpg','Thi thử không giới hạn số lần','course-1724991403235-239648656.jpg','Vô số tài liệu học tập từ giáo viên và trung tâm','course-1724991379410-447175053.jpg','30 khóa học đã mở và nhận về đánh giá tích cực từ học viên','course-1724991393834-926052118.jpg',NULL,'2024-08-30 02:47:16.380','2024-09-16 03:16:33.176',1,1,1),(59,'IELTS KÈM 1VS1 OR 1VS2 ','','tieng-anh-ielts-kem-1vs1-or-1vs2','Chỉ giáo viên và học viên – Tiết kiệm GẤP 2 thời gian học IELTS','course-1724999325676-516637139.jpg','All','1000','95','98','Lớp học quá đông và khó đảm bảo được chất lượng','Bạn từng thấy nhiều lớp học IELTS với số lượng từ 20 – 30 học viên và giáo viên không đủ thời gian để quan tâm, tương tác đến từng bạn.','Cấp gấp bằng IELTS trong thời gian ngắn','Tự học IELTS thường khiến bạn dễ mất định hướng do không có phương pháp học tập hiệu quả hay một người thầy chuyên môn để trao đổi, sửa lỗi và hướng dẫn cho bạn.','Chương trình học không phù hợp với trình độ của bản thân','Học nhóm không hiệu quả, bạn cần một lộ trình học được thiết kế chuyên biệt với phương pháp học IELTS dành riêng cho nhu cầu và trình độ cá nhân của mình.','1 kèm 1 với giáo viên - Chắc chắn điểm đầu ra','course-1724992998453-398731025.jpg','Linh hoạt thời gian học và hình thức học theo lịch trình bản thân','course-1724997930989-139598486.jpg','Cá nhân hóa lộ trình học và tăng khả năng phát triển bản thân','course-1724997939735-305650660.jpg','Đánh giá tích cực từ học viên','course-1724994611965-146861891.jpg',NULL,'2024-08-30 02:48:01.913','2024-09-16 03:16:52.197',1,1,1),(60,'IELTS GENERAL KÈM 1-1','','ielts-genaral-ielts-general-kem-1-1','Đạt Điểm Số Mong Muốn – Giấc Mơ Không Còn Xa Vời','course-1724987673434-66491706.jpg','All','1000','95','98','Lớp học quá đông và khó đảm bảo được chất lượng','Bạn từng thấy nhiều lớp học IELTS với số lượng từ 20 – 30 học viên và giáo viên không đủ thời gian để quan tâm, tương tác đến từng bạn.','Cấp gấp bằng IELTS trong thời gian ngắn','Tự học IELTS thường khiến bạn dễ mất định hướng do không có phương pháp học tập hiệu quả hay một người thầy chuyên môn để trao đổi, sửa lỗi và hướng dẫn cho bạn.','Chương trình học không phù hợp với trình độ của bản thân','Học nhóm không hiệu quả, bạn cần một lộ trình học được thiết kế chuyên biệt với phương pháp học IELTS dành riêng cho nhu cầu và trình độ cá nhân của mình.','1 kèm 1 với giáo viên - Chắc chắn điểm đầu ra','course-1725001252623-445964811.jpg','Linh hoạt thời gian học và hình thức học theo lịch trình bản thân','course-1725001133260-886264556.jpg','Cá nhân hóa lộ trình học và tăng khả năng phát triển bản thân','course-1725001240727-877147128.jpg','Đánh giá tích cực từ học viên đã đậu visa và định cư','course-1725001222700-409954181.jpg',NULL,'2024-08-30 03:00:25.429','2024-09-05 04:08:41.890',1,2,1),(61,'Tiếng Trung Premium','','tieng-trung-tieng-trung-premium','Lộ trình tiếng Trung Toàn Diện từ 0 - HSK6 với cam kết đầu ra\r\nLớp Premium 6-8HV/lớp - Khai giảng thường xuyên\r\nTặng toàn bộ giáo trình trong khóa trị giá đến 300k\r\nKho tài liệu học tập cập nhật mới liên tục\r\nCâu lạc bộ tiếng Trung miễn phí\r\nLớp học trải nghiệm sinh động\r\n\r\n','course-1724994409506-593335086.jpg','All','1000','95','98','Lớp học quá đông và khó đảm bảo được chất lượng?','Các lớp học tiếng Trung ở nhiều nơi có sĩ số từ 15 – 30 học viên, giáo viên không đủ thời gian để quan tâm và hỗ trợ cho từng bạn.\r\n\r\nLớp học Tiếng Trung Shinee có từ 6 - 8 học viên/lớp nên giáo viên và học viên có tương tác cực kỳ tốt.','TopGV có cam kết đầu ra không?','Cam kết đầu ra cho tất cả các bạn học viên, tất cả các level.','Chương trình học nặng, đi bài quá nhanh hay quá chậm nên không theo kịp.','Lộ trình tại TopGV tinh gọn nhưng hiệu quả, vừa phải không nhanh không chậm để giúp HV có thể nắm bắt bài một cách tốt nhất.','Giáo viên trình độ cao!','course-1724991111436-289619102.jpg','Lớp học nhỏ từ 6 - 8 học viên!','course-1724990872195-644472920.jpg','Cam kết đầu ra!','course-1724990983156-661034985.jpg','Lộ trình tinh gọn, tối ưu & hiệu quả!','course-1724991070915-485780715.jpg',NULL,'2024-08-30 03:27:27.375','2024-09-16 06:20:41.510',2,5,1),(62,'Tiếng Trung VIP 1.1','','tieng-trung-tieng-trung-vip-11','Lộ trình tiếng Trung Toàn Diện từ 0 - HSK6 với cam kết đầu ra\r\nLớp VIP 1.1: Linh hoạt thời gian & theo sát trình độ\r\nTặng toàn bộ giáo trình trong khóa trị giá đến 300k\r\nKho tài liệu học tập cập nhật mới liên tục\r\nCâu lạc bộ tiếng Trung miễn phí\r\nLớp học trải nghiệm sinh động','course-1725010536723-298855659.jpg','All','1000','95','98','Lớp học 1.1 thường có chi phí cao!','Nhiều nơi có chi phí 1.1 cao nên dù học viên có nhu cầu cũng khó có thể lựa chọn theo được.\r\n\r\nỞ TopGV, chi phí 1.1 vẫn rất tối ưu để phần lớn mọi người đều dễ lựa chọn hơn.','Khó tìm được giáo viên chất lượng phù hợp!','Ở TopGV, ngoài chuyên môn sẵn có, các giáo viên còn được trải qua 30 - 50 giờ training chương trình đào tạo riêng của dự án.\r\n\r\nCác giáo viên đều có bằng cấp và các chứng chỉ cao, đủ năng lực giảng dạy & hướng dẫn học viên.','Yêu cầu sự tự giác & biết quản lý thời gian.','Ở TopGV, tính tương tác của giáo viên và học viên cực kì tốt. Bầu không khí lớp học, sự động viên khích lệ, hướng dẫn của giáo viên sẽ khiến học viên cảm thấy tốt hơn rất nhiều.','Chấm & sửa bài liên tục, trực tiếp với giáo viên.','course-1725010302009-359503377.jpg','Linh hoạt về thời gian cho học viên.','course-1725010517105-727802932.jpg','Tùy chỉnh lộ trình, theo sát trình độ với học viên.','course-1725010511822-55801044.jpg','Nâng cao & mở rộng theo lĩnh vực chủ đề mà học viên quan tâm.','course-1725010328431-173161866.jpg',NULL,'2024-08-30 08:28:05.895','2024-09-16 06:28:55.344',2,4,1),(63,'Luyện thi HSK VIP 1.1','DM2ChbGOjKE','tieng-trung-luyen-thi-hsk-vip-11','Lộ trình luyện thi chứng chỉ HSK hiệu quả','course1.png','All','1000','95','98','Lớp học quá đông và khó đảm bảo được chất lượng','Bạn từng thấy nhiều lớp học IELTS với số lượng từ 15 – 30 học viên và giáo viên không đủ thời gian để quan tâm, tương tác đến từng bạn.','Cấp gấp bằng IELTS trong thời gian ngắn','Tự học IELTS thường khiến bạn dễ mất định hướng do không có phương pháp học tập hiệu quả hay một người thầy chuyên môn để trao đổi, sửa lỗi và hướng dẫn cho bạn.','Chương trình học không phù hợp với trình độ của bản thân','Học nhóm không hiệu quả, bạn cần một lộ trình học được thiết kế chuyên biệt với phương pháp học IELTS dành riêng cho nhu cầu và trình độ cá nhân của mình.','Chấm chữa bài và luyện tập 1 kèm 1 với giáo viên','course1.png','Thi thử không giới hạn số lần','course1.png','Vô số tài liệu học tập từ giảng viên của trung tâm','course1.png','30 khóa học đã mở và nhận về đánh giá tích cực từ học viên','course1.png',NULL,'2024-09-07 03:42:02.416','2024-09-16 06:20:09.535',2,5,4);
/*!40000 ALTER TABLE `course` ENABLE KEYS */;
UNLOCK TABLES;

--
-- Table structure for table `coursecategory`
--

DROP TABLE IF EXISTS `coursecategory`;
/*!40101 SET @saved_cs_client     = @@character_set_client */;
/*!50503 SET character_set_client = utf8mb4 */;
CREATE TABLE `coursecategory` (
  `id` int NOT NULL AUTO_INCREMENT,
  `content` varchar(191) COLLATE utf8mb4_unicode_ci NOT NULL,
  PRIMARY KEY (`id`)
) ENGINE=InnoDB AUTO_INCREMENT=7 DEFAULT CHARSET=utf8mb4 COLLATE=utf8mb4_unicode_ci;
/*!40101 SET character_set_client = @saved_cs_client */;

--
-- Dumping data for table `coursecategory`
--

LOCK TABLES `coursecategory` WRITE;
/*!40000 ALTER TABLE `coursecategory` DISABLE KEYS */;
INSERT INTO `coursecategory` VALUES (1,'Tiếng Anh'),(2,'Tiếng Trung'),(3,'Khác');
/*!40000 ALTER TABLE `coursecategory` ENABLE KEYS */;
UNLOCK TABLES;

--
-- Table structure for table `coursesubcategory`
--

DROP TABLE IF EXISTS `coursesubcategory`;
/*!40101 SET @saved_cs_client     = @@character_set_client */;
/*!50503 SET character_set_client = utf8mb4 */;
CREATE TABLE `coursesubcategory` (
  `id` int NOT NULL AUTO_INCREMENT,
  `content` varchar(191) COLLATE utf8mb4_unicode_ci NOT NULL,
  `courseCategoryId` int DEFAULT NULL,
  PRIMARY KEY (`id`),
  KEY `courseSubCategory_courseCategoryId_fkey` (`courseCategoryId`),
  CONSTRAINT `courseSubCategory_courseCategoryId_fkey` FOREIGN KEY (`courseCategoryId`) REFERENCES `coursecategory` (`id`) ON DELETE CASCADE ON UPDATE CASCADE
) ENGINE=InnoDB AUTO_INCREMENT=8 DEFAULT CHARSET=utf8mb4 COLLATE=utf8mb4_unicode_ci;
/*!40101 SET character_set_client = @saved_cs_client */;

--
-- Dumping data for table `coursesubcategory`
--

LOCK TABLES `coursesubcategory` WRITE;
/*!40000 ALTER TABLE `coursesubcategory` DISABLE KEYS */;
INSERT INTO `coursesubcategory` VALUES (1,'Ielts Academic',1),(2,'Ielts General',1),(3,'Tiếng Anh Giao Tiếp',1),(4,'Tiếng Trung Toàn Diện',2),(5,'Luyện thi HSK',2),(6,'Toeic',1),(7,'Khác',3);
/*!40000 ALTER TABLE `coursesubcategory` ENABLE KEYS */;
UNLOCK TABLES;

--
-- Table structure for table `education`
--

DROP TABLE IF EXISTS `education`;
/*!40101 SET @saved_cs_client     = @@character_set_client */;
/*!50503 SET character_set_client = utf8mb4 */;
CREATE TABLE `education` (
  `id` int NOT NULL AUTO_INCREMENT,
  `content` varchar(191) COLLATE utf8mb4_unicode_ci DEFAULT NULL,
  `teacherId` varchar(191) COLLATE utf8mb4_unicode_ci DEFAULT NULL,
  PRIMARY KEY (`id`),
  KEY `education_teacherId_fkey` (`teacherId`),
  CONSTRAINT `education_teacherId_fkey` FOREIGN KEY (`teacherId`) REFERENCES `teacher` (`id`) ON DELETE CASCADE ON UPDATE CASCADE
) ENGINE=InnoDB AUTO_INCREMENT=36 DEFAULT CHARSET=utf8mb4 COLLATE=utf8mb4_unicode_ci;
/*!40101 SET character_set_client = @saved_cs_client */;

--
-- Dumping data for table `education`
--

LOCK TABLES `education` WRITE;
/*!40000 ALTER TABLE `education` DISABLE KEYS */;
INSERT INTO `education` VALUES (1,'Cử nhân ĐH Sư Phạm Loại Xuất Sắc','04cd771'),(2,'Cử nhân sư phạm tiếng Trung','38985cf'),(4,'Cử nhân ĐH Tôn Đức Thắng GPA 8.58','4a815d1'),(5,'Cử nhân ĐH RMIT - SGS','56406fe'),(10,'Du Học Sinh Canada','56406fe'),(11,'Cử nhân ĐH Quốc Tế - ĐH Quốc gia TPHCM','7d29e21'),(12,'Cử nhân sư phạm tiếng Trung','9a3f8fe'),(13,'Master trường French Pole','a56c0d1'),(14,'Cử nhân ĐH Kinh tế TPHCM','c1f5578'),(15,'Cử nhân Ngữ văn Trung Quốc','d17cc0c'),(16,'Cử nhân tiếng Trung thương mại','de29046'),(23,'Cử nhân Sư phạm Tiếng Anh loại Xuất sắc, GPA 3.73/4','9e41ab8'),(26,'Cử nhân ngành ngôn ngữ Trung ','41d7a88'),(29,'Cử nhân Đại học Ngoại Thương TP.HCM','ef40688'),(30,'Cử nhân ngôn ngữ Anh','a57de5b'),(31,'Cử nhân ĐH Ngoại Thương TPHCM',NULL),(32,'Cử nhân ĐH Ngoại Thương TPHCM',NULL),(33,'Cử nhân ĐH Ngoại Thương TPHCM',NULL),(34,'Cử nhân Đại học Tôn Đức Thắng','7d1a85a');
/*!40000 ALTER TABLE `education` ENABLE KEYS */;
UNLOCK TABLES;

--
-- Table structure for table `experience`
--

DROP TABLE IF EXISTS `experience`;
/*!40101 SET @saved_cs_client     = @@character_set_client */;
/*!50503 SET character_set_client = utf8mb4 */;
CREATE TABLE `experience` (
  `id` int NOT NULL AUTO_INCREMENT,
  `title` varchar(191) COLLATE utf8mb4_unicode_ci DEFAULT NULL,
  `content` varchar(191) COLLATE utf8mb4_unicode_ci DEFAULT NULL,
  `description` text COLLATE utf8mb4_unicode_ci,
  `teacherId` varchar(191) COLLATE utf8mb4_unicode_ci DEFAULT NULL,
  PRIMARY KEY (`id`),
  KEY `experience_teacherId_fkey` (`teacherId`),
  CONSTRAINT `experience_teacherId_fkey` FOREIGN KEY (`teacherId`) REFERENCES `teacher` (`id`) ON DELETE CASCADE ON UPDATE CASCADE
) ENGINE=InnoDB AUTO_INCREMENT=29 DEFAULT CHARSET=utf8mb4 COLLATE=utf8mb4_unicode_ci;
/*!40101 SET character_set_client = @saved_cs_client */;

--
-- Dumping data for table `experience`
--

LOCK TABLES `experience` WRITE;
/*!40000 ALTER TABLE `experience` DISABLE KEYS */;
INSERT INTO `experience` VALUES (1,'Trên 2 năm kinh nghiệm dạy IELTS',' 08/2022 - 09/2024','Mình đã có hơn 2 năm kinh nghiệm giảng dạy các lớp luyện thi IELTS, đặc biệt là các lớp dành cho học viên ở cấp độ Advanced, từ 5.0 đến 6.5. Trong quá trình giảng dạy, mình tập trung vào việc giúp học viên củng cố kiến thức nền tảng, cải thiện cả bốn kỹ năng Nghe, Nói, Đọc, Viết một cách toàn diện. Mình cũng chú trọng đến việc nâng cao điểm số cho các bạn từ mức trung bình lên mức khá, giúp các bạn tự tin hơn khi tham gia kỳ thi quốc tế.\nVới những phương pháp giảng dạy linh hoạt, phù hợp với từng đối tượng học viên, mình luôn tìm cách tối ưu hóa kết quả học tập trong thời gian ngắn nhất. Mình cung cấp những chiến lược làm bài hiệu quả, tập trung vào từng kỹ năng cụ thể, và giúp các bạn nhận ra điểm mạnh, điểm yếu của mình để từ đó cải thiện và phát triển tốt hơn. Nhiều học viên sau khi tham gia lớp học của mình đã đạt được mục tiêu điểm số mong muốn và sẵn sàng bước vào những cơ hội học tập, nghề nghiệp mới.','4a815d1'),(5,'Trên 2 năm giảng dạy TA Giao Tiếp cho người mới bắt đầu','05/2022 - 09/2024','Với hơn 2 năm kinh nghiệm giảng dạy các lớp giao tiếp, mình đặc biệt đam mê và chuyên sâu trong việc giảng dạy các lớp giao tiếp ở mọi trình độ. Mình luôn tạo ra một môi trường học tập tích cực và khuyến khích, nơi học viên có thể cảm thấy thoải mái và tự tin khi thực hành tiếng Anh. Bằng cách tập trung vào việc cải thiện kỹ năng giao tiếp và xây dựng sự tự tin, mình giúp học viên dễ dàng áp dụng tiếng Anh trong các tình huống thực tế, từ giao tiếp hàng ngày đến các tình huống chuyên sâu hơn. Mỗi lớp học đều được thiết kế để hỗ trợ và động viên học viên, giúp họ không chỉ đạt được mục tiêu học tập mà còn tận hưởng quá trình học tập một cách vui vẻ và hiệu quả. ','c1f5578'),(6,'3 năm kinh nghiệm dạy IELTS đủ level','07/2021 - 09/2024','Với hơn 3 năm kinh nghiệm giảng dạy các lớp giao tiếp, mình tự hào về việc giúp học viên phát triển kỹ năng Speaking đạt mức 9.0. Sở trường của mình là tạo ra các lớp học giao tiếp phù hợp với mọi trình độ, từ người mới bắt đầu đến học viên đã có nền tảng vững chắc.\nMình luôn chú trọng xây dựng một môi trường học tập thân thiện và khuyến khích, nơi học viên có thể thoải mái thực hành và nâng cao khả năng giao tiếp của mình. Mình tập trung vào việc phát triển kỹ năng nói một cách tự nhiên và hiệu quả, giúp học viên không chỉ nắm vững từ vựng và ngữ pháp mà còn tự tin sử dụng tiếng Anh trong các tình huống thực tế hàng ngày.','04cd771'),(7,'Trên 2 năm kinh nghiệm dạy IELTS đa dạng level','03/2022 - 09/2024','Với hơn 2 năm dạy tiếng Anh, đặc biệt là các lớp kèm IELTS, mình đã giúp rất nhiều học viên chinh phục mục tiêu học tập của mình. Mình chuyên về các lớp luyện thi IELTS, nơi mình sử dụng các phương pháp học linh hoạt và dễ áp dụng để đáp ứng nhu cầu của từng bạn. Mình tập trung vào việc nâng cao kỹ năng nghe, nói, đọc, viết, giúp các bạn không chỉ nắm vững từ vựng và ngữ pháp mà còn tự tin “vượt vũ môn” với điểm số cao. Sự nhiệt huyết và cách giảng dạy của mình đã giúp các học viên đạt được thành công từ giao tiếp cơ bản đến chinh phục IELTS một cách dễ dàng.','7d29e21'),(8,'Trên 3 năm kinh nghiệm giảng dạy các lớp IELTS - sở trường các lớp IELTS level Foundation, lớp dành cho người mới bắt đầu học IELTS.','03/2021 - 09/2024','Specializing in teaching foundational and beginner-level classes, helping students build a solid foundation in all four skills (Listening, Reading, Writing, and Speaking). Proficient in delivering lessons aligned with standard IELTS curriculum, ensuring students are well-prepared for each section of the exam. Skilled at designing lesson plans that focus on essential IELTS strategies and techniques, particularly for students starting from a low level or those who need extra support with the basics.','ef40688'),(9,'4 năm kinh nghiệm dạy IELTS','06/2020 - 09/2024','With over four years of experience in teaching IELTS, I specialize in delivering comprehensive instruction for IELTS Writing, helping students master both Task 1 and Task 2. My expertise lies in guiding students through the nuances of effective essay structure, argument development, and language accuracy. I am proficient in crafting lesson plans that align with the IELTS curriculum, ensuring students are well-prepared for every aspect of the Writing section. My approach includes personalized feedback and targeted exercises to address individual strengths and areas for improvement. In addition to Writing, I provide holistic support across all four skills—Listening, Reading, and Speaking—ensuring a well-rounded preparation for the IELTS exam.','56406fe'),(10,'4 năm kinh nghiệm dạy IELTS',' 07/2020 - 09/2024','Với kinh nghiệm giảng dạy phong phú, tôi đã tổ chức và giảng dạy các lớp IELTS General cho những người có nhu cầu định cư hoặc làm việc ở nước ngoài, tập trung vào việc phát triển toàn diện bốn kỹ năng Đọc, Viết, Nghe, và Nói. Tôi sử dụng các tài liệu học tập uy tín như “Cambridge IELTS” và “Collins Practice Tests for IELTS” để xây dựng các chiến lược làm bài hiệu quả, giúp học viên nhanh chóng đạt được mục tiêu điểm số. Bên cạnh đó, tôi còn có kinh nghiệm giảng dạy khóa Giao tiếp Tiếng Anh cho người lớn từ cơ bản đến trung cấp cao, với các sách như “Face2Face” và “American English File,” tập trung vào kỹ năng Nghe, Nói, và Phát âm trong các tình huống giao tiếp thực tế, giúp học viên tự tin sử dụng tiếng Anh hàng ngày. Ngoài ra, tôi cũng thiết kế và thực hiện các Lớp kèm riêng với chương trình học linh hoạt, tùy chỉnh theo nhu cầu và mục tiêu cụ thể của từng học viên như luyện thi IELTS hay nâng cao kỹ năng giao tiếp, đảm bảo mang lại hiệu quả tối ưu qua sự kèm cặp tận tình và các tài liệu học tập đa dạng.','a57de5b'),(11,'2 năm kinh nghiệm dạy tiếng Trung',' 10/2022 - 09/2024','Với hơn 2 năm kinh nghiệm giảng dạy tiếng Trung, mình đã hướng dẫn học viên từ trình độ cơ bản (HSK0) đến HSK4, bao gồm cả giao tiếp và luyện thi HSK. Sở trường của mình là các lớp luyện thi HSK, nơi mình áp dụng những phương pháp giảng dạy hiệu quả và linh hoạt để giúp học viên đạt được kết quả cao nhất trong kỳ thi. Mình tập trung vào việc xây dựng nền tảng vững chắc cho học viên, từ việc cải thiện kỹ năng ngôn ngữ cơ bản đến chuẩn bị cho các bài thi HSK, đảm bảo mỗi học viên đều có thể tự tin và thành công trong hành trình học tiếng Trung của mình.','41d7a88'),(12,'10 năm kinh nghiệm dạy tiếng Trung','08/2014 - 09/2024','Với hơn 10 năm kinh nghiệm giảng dạy tiếng Trung, mình đã có cơ hội hướng dẫn nhiều học viên ở các trình độ khác nhau, từ những người mới bắt đầu (HSK0) đến HSK4, bao gồm cả giao tiếp và luyện thi. Đặc biệt, mình có sở trường trong việc giảng dạy các lớp giao tiếp, nơi mình tạo ra môi trường học tập cởi mở và thân thiện, giúp học viên tự tin sử dụng tiếng Trung trong các tình huống thực tế. Với phương pháp dạy sáng tạo và linh hoạt, mình không chỉ giúp học viên nắm vững ngữ pháp và từ vựng mà còn phát triển khả năng giao tiếp một cách tự nhiên và hiệu quả.','38985cf'),(13,'15 năm kinh nghiệm dạy tiếng Trung','10/2009 - 08/2024','Với hơn 15 năm kinh nghiệm giảng dạy tiếng Trung, tôi đã tích lũy được nhiều kiến thức và kỹ năng trong việc dạy cả giao tiếp và luyện thi HSK ở mọi cấp độ. Tuy nhiên, điểm mạnh của tôi là các lớp luyện thi HSK, nơi tôi áp dụng các phương pháp giảng dạy tinh tế và hiệu quả để giúp học viên đạt được mục tiêu cao nhất trong kỳ thi.\nTrong suốt sự nghiệp giảng dạy, tôi đã xây dựng và triển khai những chiến lược học tập đặc biệt, phù hợp với nhu cầu và mục tiêu của từng học viên. Tôi chú trọng đến việc phát triển kỹ năng ngôn ngữ toàn diện và chuẩn bị cho học viên không chỉ về mặt lý thuyết mà còn về kỹ năng thực tế, giúp họ tự tin và thành công trong các kỳ thi HSK. Sự tận tâm và kinh nghiệm dày dạn của tôi đã giúp nhiều học viên chinh phục được những thử thách trong việc học tiếng Trung và đạt được những kết quả xuất sắc.','d17cc0c'),(14,'5 năm kinh nghiệm dạy IELTS','02/2019 - 09/2024','Với hơn 5 năm kinh nghiệm giảng dạy tiếng Anh, mình đã có cơ hội làm việc với nhiều học viên trong cả các lớp IELTS và giao tiếp. Tuy nhiên, điểm mạnh của mình là các lớp IELTS Writing, nơi mình đặc biệt chú trọng vào việc phát triển kỹ năng viết của học viên. Mình sử dụng các phương pháp giảng dạy hiệu quả để giúp học viên cải thiện khả năng viết, từ việc xây dựng cấu trúc bài viết đến việc phát triển ý tưởng một cách rõ ràng và mạch lạc. Sự tận tâm và kinh nghiệm dày dạn của mình giúp học viên không chỉ đạt được điểm số cao trong kỳ thi IELTS mà còn nâng cao kỹ năng viết một cách toàn diện và tự tin.','a56c0d1'),(15,'12 năm kinh nghiệm dạy tiếng Trung',' 10/2012 - 09/2024','Với hơn 10 năm kinh nghiệm giảng dạy tiếng Trung, tôi đã hướng dẫn nhiều học viên ở các trình độ khác nhau, từ người mới bắt đầu (HSK0) đến HSK4, tập trung vào cả giao tiếp và luyện thi. Trong suốt quá trình này, tôi đã phát triển và triển khai các phương pháp giảng dạy linh hoạt, phù hợp với nhu cầu cụ thể của từng học viên, đặc biệt là những lớp giao tiếp - lĩnh vực mà tôi có nhiều kinh nghiệm và đam mê. Tôi tập trung vào việc cải thiện kỹ năng nghe và nói, giúp học viên không chỉ nắm vững từ vựng và ngữ pháp mà còn tự tin sử dụng tiếng Trung trong các tình huống thực tế hàng ngày, từ giao tiếp thông thường đến các tình huống chuyên sâu hơn trong môi trường học tập và làm việc. Sự tận tâm và phương pháp giảng dạy hiệu quả đã giúp nhiều học viên đạt được mục tiêu học tập, từ giao tiếp cơ bản đến vượt qua các kỳ thi HSK với kết quả cao.','9a3f8fe'),(16,'4 năm kinh nghiệm dạy tiếng Trung','02/2020 - 09/2024','Với hơn bốn năm kinh nghiệm dạy tiếng Trung, tôi chuyên giảng dạy các lớp HSK từ cấp 0 đến 5, giúp học viên xây dựng nền tảng vững chắc và nâng cao trình độ. Tôi thiết kế các bài học phù hợp với từng cấp độ HSK, tập trung vào phát triển kỹ năng nghe, nói, đọc và viết. Phương pháp giảng dạy của tôi bao gồm phản hồi cá nhân, hoạt động tương tác và bài tập thực tiễn, giúp học viên chuẩn bị tốt cho kỳ thi và tự tin sử dụng tiếng Trung trong nhiều tình huống.','de29046'),(17,'4 năm luyện thi cho học sinh các trường top','Intern at Nguyen Du Secondary school, District 1','Teaching English for teens ranging from 12-15 (From Basic to Upper-Intermediate Level). Marking and providing appropriate feedback on oral and written work. Devising, writing and producing new materials, including audio and visual resources.','9e41ab8'),(22,'Trên 2 năm kinh nghiệm dạy IELTS','Intern at Gia Dinh High School, Binh Thanh District','','9e41ab8'),(24,'2 năm kinh nghiệm dạy IELTS đủ level','TALENT INSTITUTE / 10/2013 - 03/2018','Teaching Communication English for adults (From Basic to Upper-Intermediate Level) Books: Face2Face, Tactics for Listening, American English File, Let\'s talk Planning, preparing and delivering lessons to a range of classes. Concentrating on pronunciation, listening, and speaking skills for daily topic. Marking and providing appropriate feedback on oral and written work. Devising, writing and producing new materials, including audio and visual resources.',NULL),(25,'2 năm kinh nghiệm dạy IELTS đủ level','TALENT INSTITUTE / 10/2013 - 03/2018','Teaching Communication English for adults (From Basic to Upper-Intermediate Level) Books: Face2Face, Tactics for Listening, American English File, Let\'s talk Planning, preparing and delivering lessons to a range of classes. Concentrating on pronunciation, listening, and speaking skills for daily topic. Marking and providing appropriate feedback on oral and written work. Devising, writing and producing new materials, including audio and visual resources.',NULL),(26,'2 năm kinh nghiệm dạy IELTS đủ level','TALENT INSTITUTE / 10/2013 - 03/2018','Teaching Communication English for adults (From Basic to Upper-Intermediate Level) Books: Face2Face, Tactics for Listening, American English File, Let\'s talk Planning, preparing and delivering lessons to a range of classes. Concentrating on pronunciation, listening, and speaking skills for daily topic. Marking and providing appropriate feedback on oral and written work. Devising, writing and producing new materials, including audio and visual resources.',NULL),(27,'2 năm kinh nghiệm dạy IELTS đủ level','01/2022 - 09/2024','Với hơn 2 năm kinh nghiệm giảng dạy các lớp giao tiếp và sở hữu chứng chỉ TESOL cùng điểm IELTS 7.5, mình tự tin trong việc giúp học viên cải thiện khả năng nói tiếng Anh một cách rõ ràng và tự nhiên. Sở trường của mình là xây dựng các khóa học giao tiếp đa dạng, phù hợp cho mọi cấp độ, từ người mới bắt đầu đến những học viên đã có nền tảng vững chắc.\nMình đặc biệt chú trọng vào việc thiết kế các bài học giao tiếp sinh động, khuyến khích học viên nói nhiều và luyện phản xạ tự nhiên. Thay vì chỉ tập trung vào lý thuyết, mình ưu tiên giúp học viên thực hành thông qua các tình huống thực tế, từ đó phát triển sự tự tin khi giao tiếp bằng tiếng Anh. Mỗi học viên đều có phong cách học riêng, nên mình luôn điều chỉnh phương pháp giảng dạy để đáp ứng nhu cầu và mục tiêu của từng người, giúp họ tiến bộ rõ rệt sau mỗi buổi học.','7d1a85a');
/*!40000 ALTER TABLE `experience` ENABLE KEYS */;
UNLOCK TABLES;

--
-- Table structure for table `imagemoment`
--

DROP TABLE IF EXISTS `imagemoment`;
/*!40101 SET @saved_cs_client     = @@character_set_client */;
/*!50503 SET character_set_client = utf8mb4 */;
CREATE TABLE `imagemoment` (
  `id` int NOT NULL AUTO_INCREMENT,
  `image` varchar(191) COLLATE utf8mb4_unicode_ci DEFAULT NULL,
  `teacherId` varchar(8) COLLATE utf8mb4_unicode_ci DEFAULT NULL,
  PRIMARY KEY (`id`),
  KEY `imageMoment_teacherId_fkey` (`teacherId`),
  CONSTRAINT `imageMoment_teacherId_fkey` FOREIGN KEY (`teacherId`) REFERENCES `teacher` (`id`) ON DELETE CASCADE ON UPDATE CASCADE
) ENGINE=InnoDB AUTO_INCREMENT=121 DEFAULT CHARSET=utf8mb4 COLLATE=utf8mb4_unicode_ci;
/*!40101 SET character_set_client = @saved_cs_client */;

--
-- Dumping data for table `imagemoment`
--

LOCK TABLES `imagemoment` WRITE;
/*!40000 ALTER TABLE `imagemoment` DISABLE KEYS */;
INSERT INTO `imagemoment` VALUES (1,'moment-1725678935750-314573217.jpg','4a815d1'),(2,'moment-1725678996099-614737136.jpg','4a815d1'),(3,'moment-1725678965997-367790822.jpg','4a815d1'),(4,'moment-1725678975195-41063623.jpg','4a815d1'),(5,'moment-1725679007316-330063405.jpg','4a815d1'),(21,'moment-1725529959970-84079673.jpg','c1f5578'),(22,'moment-1725529836631-856531673.jpg','c1f5578'),(23,'moment-1725529774487-58716204.jpg','c1f5578'),(24,'moment-1725527997658-676021039.jpg','c1f5578'),(25,'moment-1725528237261-511340722.jpg','c1f5578'),(26,'moment-1725529142563-686702886.jpg','04cd771'),(27,'moment-1725528702954-399297813.jpg','04cd771'),(28,'moment-1725529066687-905126674.jpg','04cd771'),(29,'moment-1725529052686-819800282.jpg','04cd771'),(30,'moment-1725528975331-804005658.jpg','04cd771'),(31,'moment-1725530250857-603768425.jpg','7d29e21'),(32,'moment-1725530313718-123502562.jpg','7d29e21'),(33,'moment-1725530297673-66413437.jpg','7d29e21'),(34,'moment-1725530332527-554551067.jpg','7d29e21'),(35,'moment-1725530160025-983340288.jpg','7d29e21'),(36,'moment-1725525756277-824108526.jpg','ef40688'),(37,'moment-1725525765979-862544342.jpg','ef40688'),(38,'moment-1725525773512-628504954.jpg','ef40688'),(39,'moment-1725525792841-126821323.jpg','ef40688'),(40,'moment-1725525799174-597226035.jpg','ef40688'),(41,'moment-1725527050458-717587652.jpg','56406fe'),(42,'moment-1725528954900-127333225.jpg','56406fe'),(43,'moment-1725527068969-875215574.jpg','56406fe'),(44,'moment-1725527073530-862929438.jpg','56406fe'),(45,'moment-1725527076614-858057011.jpg','56406fe'),(46,'moment-1725510166036-618678009.jpg','a57de5b'),(47,'moment-1725526053921-199323267.jpg','a57de5b'),(48,'moment-1725525836764-538784951.jpg','a57de5b'),(49,'moment-1725531270104-985256024.jpg','a57de5b'),(50,'moment-1725531251305-25705302.jpg','a57de5b'),(51,'moment-1725520681237-362665317.jpg','41d7a88'),(52,'moment-1725520517688-393723581.jpg','41d7a88'),(53,'moment-1725520534528-652332494.jpg','41d7a88'),(54,'moment-1725520551900-137837272.jpg','41d7a88'),(55,'moment-1725532032647-116745607.jpg','41d7a88'),(56,'moment-1725530600417-830566866.jpg','38985cf'),(57,'moment-1725530771217-433539446.jpg','38985cf'),(58,'moment-1725530647898-646735847.jpg','38985cf'),(59,'moment-1725530701162-315952158.jpg','38985cf'),(60,'moment-1725530878603-804945203.jpg','38985cf'),(61,'moment-1725525427617-93354035.jpg','d17cc0c'),(62,'moment-1725530979829-384008656.jpg','d17cc0c'),(63,'moment-1725512783845-415222681.jpg','d17cc0c'),(64,'moment-1725530964204-722594380.jpg','d17cc0c'),(65,'moment-1725525482363-964276822.jpg','d17cc0c'),(66,'moment-1725526437210-482735369.jpg','a56c0d1'),(67,'moment-1725526449984-967638343.jpg','a56c0d1'),(68,'moment-1725531135577-22943637.jpg','a56c0d1'),(69,'moment-1725526499766-696919407.jpg','a56c0d1'),(70,'moment-1725531617942-933912668.jpg','a56c0d1'),(71,'moment-1725510960868-847328478.jpg','9a3f8fe'),(72,'moment-1725531212903-414538086.jpg','9a3f8fe'),(73,'moment-1725531096041-293186852.jpg','9a3f8fe'),(74,'moment-1725531183777-847519151.jpg','9a3f8fe'),(75,'moment-1725526761339-992495403.jpg','9a3f8fe'),(76,'moment-1725527747375-199336315.jpg','de29046'),(77,'moment-1725527749784-255267567.jpg','de29046'),(78,'moment-1725527752533-719872450.jpg','de29046'),(79,'moment-1725527756338-871447462.jpg','de29046'),(80,'moment-1725527759003-413268573.jpg','de29046'),(81,'moment-1726127995316-406455526.jpg','9e41ab8'),(82,'moment-1726128005028-424080354.jpg','9e41ab8'),(83,'moment-1726128007935-668173872.jpg','9e41ab8'),(84,'moment-1726128013564-843533285.jpg','9e41ab8'),(85,'moment-1726128016673-467943316.jpg','9e41ab8'),(96,'moment-1724079700262-455784078.jpg',NULL),(97,'moment-1724079702472-364541598.jpg',NULL),(98,'khoanh-khac-3.png',NULL),(99,'khoanh-khac-4.png',NULL),(100,'khoanh-khac-5.png',NULL),(101,'moment-1724079700262-455784078.jpg',NULL),(102,'moment-1724079702472-364541598.jpg',NULL),(103,'khoanh-khac-3.png',NULL),(104,'khoanh-khac-4.png',NULL),(105,'khoanh-khac-5.png',NULL),(106,'moment-1724079700262-455784078.jpg',NULL),(107,'moment-1724079702472-364541598.jpg',NULL),(108,'khoanh-khac-3.png',NULL),(109,'khoanh-khac-4.png',NULL),(110,'khoanh-khac-5.png',NULL),(111,'moment-1726560801808-607637642.jpg','7d1a85a'),(112,'moment-1726560774216-467092533.jpg','7d1a85a'),(113,'moment-1726560785458-903797456.jpg','7d1a85a'),(114,'moment-1726560798560-530159995.jpg','7d1a85a'),(115,'moment-1726560767011-232829567.jpg','7d1a85a');
/*!40000 ALTER TABLE `imagemoment` ENABLE KEYS */;
UNLOCK TABLES;

--
-- Table structure for table `jobapply`
--

DROP TABLE IF EXISTS `jobapply`;
/*!40101 SET @saved_cs_client     = @@character_set_client */;
/*!50503 SET character_set_client = utf8mb4 */;
CREATE TABLE `jobapply` (
  `id` int NOT NULL AUTO_INCREMENT,
  `email` varchar(191) COLLATE utf8mb4_unicode_ci DEFAULT NULL,
  `fullName` varchar(191) COLLATE utf8mb4_unicode_ci DEFAULT NULL,
  `phone` varchar(191) COLLATE utf8mb4_unicode_ci DEFAULT NULL,
  `position` varchar(191) COLLATE utf8mb4_unicode_ci DEFAULT NULL,
  `file` varchar(191) COLLATE utf8mb4_unicode_ci DEFAULT NULL,
  `createdAt` datetime(3) NOT NULL DEFAULT CURRENT_TIMESTAMP(3),
  `updatedAt` datetime(3) NOT NULL,
  `applicationId` int DEFAULT NULL,
  PRIMARY KEY (`id`),
  KEY `jobApply_applicationId_fkey` (`applicationId`),
  CONSTRAINT `jobApply_applicationId_fkey` FOREIGN KEY (`applicationId`) REFERENCES `application` (`id`) ON DELETE CASCADE ON UPDATE CASCADE
) ENGINE=InnoDB AUTO_INCREMENT=2 DEFAULT CHARSET=utf8mb4 COLLATE=utf8mb4_unicode_ci;
/*!40101 SET character_set_client = @saved_cs_client */;

--
-- Dumping data for table `jobapply`
--

LOCK TABLES `jobapply` WRITE;
/*!40000 ALTER TABLE `jobapply` DISABLE KEYS */;
INSERT INTO `jobapply` VALUES (1,'trungpyy@gmail.com','Trung Thành','0886506127','Giáo viên','eMB_Terms_and_Conditions (1)-1724830085482.pdf','2024-08-28 07:28:05.504','2024-08-28 07:28:05.504',1);
/*!40000 ALTER TABLE `jobapply` ENABLE KEYS */;
UNLOCK TABLES;

--
-- Table structure for table `location`
--

DROP TABLE IF EXISTS `location`;
/*!40101 SET @saved_cs_client     = @@character_set_client */;
/*!50503 SET character_set_client = utf8mb4 */;
CREATE TABLE `location` (
  `id` int NOT NULL AUTO_INCREMENT,
  `content` varchar(191) COLLATE utf8mb4_unicode_ci DEFAULT NULL,
  PRIMARY KEY (`id`)
) ENGINE=InnoDB AUTO_INCREMENT=5 DEFAULT CHARSET=utf8mb4 COLLATE=utf8mb4_unicode_ci;
/*!40101 SET character_set_client = @saved_cs_client */;

--
-- Dumping data for table `location`
--

LOCK TABLES `location` WRITE;
/*!40000 ALTER TABLE `location` DISABLE KEYS */;
INSERT INTO `location` VALUES (1,'Quận Bình Thạnh'),(2,'Quận 1'),(3,'Quận 2'),(4,'Quận Gò Vấp');
/*!40000 ALTER TABLE `location` ENABLE KEYS */;
UNLOCK TABLES;

--
-- Table structure for table `post`
--

DROP TABLE IF EXISTS `post`;
/*!40101 SET @saved_cs_client     = @@character_set_client */;
/*!50503 SET character_set_client = utf8mb4 */;
CREATE TABLE `post` (
  `id` int NOT NULL AUTO_INCREMENT,
  `title` varchar(500) COLLATE utf8mb4_unicode_ci NOT NULL,
  `slug` varchar(191) COLLATE utf8mb4_unicode_ci NOT NULL,
  `content` text COLLATE utf8mb4_unicode_ci NOT NULL,
  `image` varchar(191) COLLATE utf8mb4_unicode_ci NOT NULL,
  `createdAt` datetime(3) NOT NULL DEFAULT CURRENT_TIMESTAMP(3),
  `updatedAt` datetime(3) NOT NULL,
  `subcategoryId` int DEFAULT NULL,
  `categoryId` int DEFAULT NULL,
  `userId` varchar(191) COLLATE utf8mb4_unicode_ci DEFAULT NULL,
  PRIMARY KEY (`id`),
  UNIQUE KEY `post_slug_key` (`slug`),
  KEY `post_subcategoryId_fkey` (`subcategoryId`),
  KEY `post_categoryId_fkey` (`categoryId`),
  KEY `post_userId_fkey` (`userId`),
  CONSTRAINT `post_categoryId_fkey` FOREIGN KEY (`categoryId`) REFERENCES `category` (`id`) ON DELETE CASCADE ON UPDATE CASCADE,
  CONSTRAINT `post_subcategoryId_fkey` FOREIGN KEY (`subcategoryId`) REFERENCES `subcategory` (`id`) ON DELETE CASCADE ON UPDATE CASCADE,
  CONSTRAINT `post_userId_fkey` FOREIGN KEY (`userId`) REFERENCES `user` (`id`) ON DELETE CASCADE ON UPDATE CASCADE
) ENGINE=InnoDB AUTO_INCREMENT=14 DEFAULT CHARSET=utf8mb4 COLLATE=utf8mb4_unicode_ci;
/*!40101 SET character_set_client = @saved_cs_client */;

--
-- Dumping data for table `post`
--

LOCK TABLES `post` WRITE;
/*!40000 ALTER TABLE `post` DISABLE KEYS */;
INSERT INTO `post` VALUES (1,'IELTS UKVI là gì? Hướng dẫn chi tiết về kỳ thi IELTS UKVI và cách đăng ký','tin-tuc-ielts-ukvi-la-gi-huong-dan-chi-tiet-ve-ky-thi-ielts-ukvi-va-cach-dang-ky','<p><strong>IELTS UKVI: Chìa Khóa Mở Ra Cánh Cửa Học Tập và Nghề Nghiệp Tại Vương Quốc Anh</strong></p><p>Vương quốc Anh từ lâu đã là điểm đến lý tưởng với vô vàn cơ hội học tập và phát triển nghề nghiệp. Tuy nhiên, để biến giấc mơ du học và làm việc tại xứ sở sương mù thành hiện thực, bạn cần chứng minh khả năng ngôn ngữ của mình thông qua các chứng chỉ tiếng Anh quốc tế, mà một trong số đó là IELTS UKVI. Vậy IELTS UKVI là gì và vì sao nó lại quan trọng đến vậy? Bài viết này sẽ cung cấp cho bạn những thông tin chi tiết và cần thiết nhất về IELTS UKVI, giúp bạn chuẩn bị tốt nhất cho kỳ thi này.</p><p><strong>IELTS UKVI là gì?</strong></p><p>IELTS UKVI (International English Language Testing System for UK Visas and Immigration) là bài kiểm tra tiếng Anh duy nhất được Cục Thị thực và Di trú Anh (UKVI) công nhận cho các mục đích như học tập, làm việc, định cư hoặc nhập quốc tịch tại Vương quốc Anh. Khác với IELTS thông thường, IELTS UKVI được thiết kế đặc biệt để đáp ứng các yêu cầu về visa và nhập cư của Anh quốc.</p><p><strong>Các Loại Hình Thi IELTS UKVI</strong></p><p>IELTS UKVI có nhiều loại hình, mỗi loại phục vụ một mục đích và đối tượng cụ thể:</p><ul><li><strong>UKVI IELTS Academic</strong>: Dành cho học sinh, sinh viên mong muốn theo học tại các trường đại học, cao đẳng tại Anh.</li><li><strong>UKVI IELTS General Training</strong>: Phù hợp với những ai muốn làm việc hoặc tham gia các khóa đào tạo nghề tại Anh.</li><li><strong>UKVI IELTS Life Skills</strong>: Dành cho những người cần chứng minh khả năng giao tiếp cơ bản bằng tiếng Anh, phục vụ cho việc xin thị thực hoặc định cư.</li></ul><p><strong>Tại sao nên chọn IELTS UKVI?</strong></p><p>Chọn thi IELTS UKVI mang lại nhiều lợi ích thiết thực, đặc biệt đối với những ai muốn học tập, làm việc hoặc định cư tại Vương quốc Anh:</p><ul><li><strong>Đáp ứng yêu cầu visa</strong>: IELTS UKVI là bài kiểm tra duy nhất được UKVI chấp nhận cho mục đích xin visa học tập hoặc làm việc tại Anh.</li><li><strong>Mở rộng cơ hội quốc tế</strong>: Ngoài Vương quốc Anh, IELTS UKVI còn được chấp nhận tại nhiều quốc gia khác như Úc, Canada, New Zealand.</li><li><strong>Cải thiện kỹ năng ngôn ngữ</strong>: Quá trình học và thi IELTS UKVI giúp bạn nâng cao toàn diện các kỹ năng tiếng Anh, từ nghe, nói đến đọc, viết.</li></ul><p><strong>So sánh IELTS UKVI và IELTS thông thường</strong></p><p>Mặc dù cả hai đều là các chứng chỉ tiếng Anh quốc tế, nhưng IELTS UKVI và IELTS thông thường có những khác biệt rõ rệt:</p><p>Đặc điểmIELTS Thông ThườngIELTS UKVIPhạm vi công nhậnĐược công nhận ở hầu hết các quốc giaĐược công nhận tại Anh và một số quốc gia khácMục đích sử dụngHọc tập, làm việc, định cư tại nhiều quốc giaHọc tập, làm việc, định cư tại Vương quốc AnhLệ phíThấp hơnCao hơn</p><p><strong>Nên chọn IELTS UKVI hay IELTS Thông Thường?</strong></p><p>Việc lựa chọn giữa IELTS UKVI và IELTS thông thường phụ thuộc vào mục tiêu của bạn. Nếu bạn dự định học tập, làm việc, hoặc định cư tại Vương quốc Anh, IELTS UKVI là sự lựa chọn bắt buộc. Ngược lại, nếu bạn muốn đi các nước nói tiếng Anh khác như Úc, Canada, IELTS thông thường sẽ là lựa chọn phù hợp và tiết kiệm hơn.</p><p><strong>Đăng ký thi IELTS UKVI ở đâu?</strong></p><p>Bạn có thể đăng ký thi IELTS UKVI tại các tổ chức như IDP và Hội đồng Anh (British Council). Quá trình đăng ký khá đơn giản:</p><ol><li>Truy cập trang đăng ký của IDP hoặc BC.</li><li>Chọn ngày thi phù hợp.</li><li>Điền thông tin cá nhân và hoàn tất thanh toán.</li><li>Xác nhận thông tin qua email sau khi đăng ký thành công.</li></ol><p><strong>Lưu ý khi đăng ký thi IELTS UKVI</strong></p><p>Khi đăng ký thi IELTS UKVI, bạn cần chú ý một số điểm quan trọng như:</p><ul><li><strong>Địa điểm thi</strong>: Chỉ có các địa điểm được UKVI phê duyệt mới được tổ chức thi IELTS UKVI.</li><li><strong>Giám sát nghiêm ngặt</strong>: Do yêu cầu cao của kỳ thi, quá trình giám sát sẽ rất nghiêm ngặt. Bạn cần chuẩn bị kỹ lưỡng cả về tâm lý và kiến thức.</li><li><strong>Lịch thi</strong>: Lịch thi IELTS UKVI thường không trùng với lịch thi IELTS thông thường, nên bạn cần kiểm tra kỹ lịch thi trước khi đăng ký.</li></ul><p><strong>Kết luận</strong></p><ul><li>IELTS UKVI không chỉ là một yêu cầu bắt buộc đối với những ai muốn học tập, làm việc hoặc định cư tại Vương quốc Anh mà còn là chìa khóa mở ra nhiều cơ hội quốc tế. Bằng việc nắm rõ thông tin về IELTS UKVI, bạn sẽ có sự chuẩn bị tốt nhất cho kỳ thi và chinh phục mục tiêu của mình. Hãy để Topgiaovien.vn đồng hành cùng bạn trên con đường chinh phục IELTS UKVI.</li></ul>','post-1724644130304-291901014.jpg','2024-08-27 22:55:59.987','2024-08-27 22:55:59.987',NULL,1,'715s8c-2c45-zzcc54d40fd'),(2,'IELTS là gì? Cập nhật thông tin mới nhất về bài thi IELTS 2024','tin-tuc-ielts-la-gi-cap-nhat-thong-tin-moi-nhat-ve-bai-thi-ielts-2024','<p>IELTS là gì? Tất Tần Tật Những Thông Tin Mới Nhất Về Bài Thi IELTS 2024</p><p>Chứng chỉ tiếng Anh IELTS không chỉ là tấm vé thông hành để mở ra cánh cửa du học mà còn là yếu tố quan trọng được nhiều công ty quốc tế yêu cầu khi tuyển dụng. Tuy nhiên, không phải ai cũng hiểu rõ về IELTS và cách thức để thực hiện bài thi này một cách hiệu quả.</p><p>Bài viết dưới đây sẽ cung cấp cho bạn cái nhìn chi tiết về IELTS là gì, cấu trúc bài thi, cách tính điểm, và những lợi ích mà chứng chỉ IELTS mang lại.</p><h3>1. IELTS là gì?</h3><p>IELTS (International English Language Testing System) là Hệ thống Kiểm tra Tiếng Anh Quốc tế, được thành lập bởi Hội đồng Anh, tổ chức giáo dục IDP của Úc và ESOL thuộc Đại học Cambridge từ năm 1989. Hiện nay, bài thi IELTS đã có mặt tại hơn 150 quốc gia với hơn 1,200 trung tâm tổ chức thi. Hơn 12,000 trường đại học, cao đẳng, cùng nhiều tổ chức và tập đoàn trên toàn thế giới yêu cầu chứng chỉ IELTS để đánh giá trình độ tiếng Anh của ứng viên.</p><h3>2. Học IELTS để làm gì?</h3><p>Sở hữu chứng chỉ IELTS không chỉ giúp bạn đủ điều kiện nhập học tại các trường đại học, cao đẳng ở các quốc gia nói tiếng Anh, mà còn mở ra nhiều cơ hội nghề nghiệp hấp dẫn. Đối với học sinh, IELTS là yêu cầu bắt buộc để du học và có cơ hội nhận học bổng tại những trường đại học danh tiếng. Đối với người đi làm, IELTS giúp bạn nổi bật trong mắt nhà tuyển dụng, gia tăng cơ hội thăng tiến trong sự nghiệp.</p><h3>3. Nên thi IELTS Academic hay IELTS General Training?</h3><p>Bài thi IELTS có hai dạng chính: IELTS Academic và IELTS General Training. IELTS Academic dành cho những ai muốn theo học tại các trường đại học, cao đẳng, hoặc các chương trình đào tạo quốc tế. Trong khi đó, IELTS General Training phù hợp với những ai có nhu cầu xin việc, học nghề, hoặc định cư tại các quốc gia nói tiếng Anh. Mỗi dạng bài thi đều có 4 phần: Nghe, Nói, Đọc, Viết, nhưng nội dung của phần Đọc và Viết sẽ khác nhau tùy thuộc vào mục đích thi.</p><h3>4. Cấu trúc của bài thi IELTS</h3><p>Bài thi IELTS bao gồm 4 kỹ năng: Nghe, Nói, Đọc, và Viết. Dưới đây là mô tả chi tiết từng phần:</p><ul><li><strong>Listening (Nghe)</strong>: Kéo dài 30 phút, gồm 4 phần với các câu hỏi có độ khó tăng dần.</li><li><strong>Speaking (Nói)</strong>: Kéo dài từ 11 đến 14 phút, gồm 3 phần: trả lời câu hỏi về bản thân, nói về một chủ đề cụ thể, và thảo luận sâu hơn về chủ đề đã chọn.</li><li><strong>Reading (Đọc)</strong>: Gồm 40 câu hỏi trong 60 phút, với nội dung khác nhau giữa IELTS Academic và General Training.</li><li><strong>Writing (Viết)</strong>: Gồm 2 phần, kéo dài 60 phút. Phần 1 yêu cầu viết đoạn văn mô tả biểu đồ, bảng biểu; phần 2 là bài luận thể hiện quan điểm về một vấn đề.</li></ul><h3>5. Thời gian thi IELTS</h3><p>Bài thi IELTS kéo dài khoảng 3 giờ đồng hồ, bao gồm các phần Nghe, Đọc, và Viết được thi trong cùng một ngày. Phần thi Nói có thể được tổ chức cùng ngày hoặc vào một ngày khác tùy thuộc vào trung tâm thi.</p><h3>6. Những quy định về hủy và đổi ngày thi</h3><p>Việc hủy hoặc đổi ngày thi IELTS cần được thực hiện theo các quy định cụ thể của tổ chức thi, với các điều kiện và lệ phí khác nhau. Nếu bạn cần hủy hoặc đổi ngày thi, hãy liên hệ với trung tâm thi sớm nhất có thể để được hỗ trợ.</p><h3>7. Cách tính điểm bài thi IELTS</h3><p>Điểm IELTS được tính trên thang điểm từ 1.0 đến 9.0, với mỗi kỹ năng được chấm riêng biệt. Điểm trung bình của 4 kỹ năng sẽ là điểm số cuối cùng. Nếu điểm trung bình có phần lẻ là 0.25 hoặc 0.75, sẽ được làm tròn lên 0.5 hoặc 1.0.</p><h3>8. Địa chỉ học IELTS tin cậy</h3><ul><li>Trong môi trường học tiếng Anh ngày càng phát triển, việc lựa chọn một trung tâm luyện thi IELTS uy tín là rất quan trọng. Topgiaovien.vn giới thiệu cho bạn Trung tâm IELTS Vietop – nơi cung cấp các khóa học IELTS với phương pháp giảng dạy hiệu quả và đội ngũ giảng viên giàu kinh nghiệm. Trung tâm Vietop là địa chỉ luyện thi IELTS đáng tin cậy, giúp bạn đạt được mục tiêu học tập và sự nghiệp của mình.</li></ul>','post-1724644448387-909540585.jpg','2024-08-27 22:55:59.991','2024-08-27 22:55:59.991',NULL,1,'715s8c-2c45-zzcc54d40fd'),(3,'Chứng chỉ VSTEP có thời hạn bao lâu? [Update 2024]','tin-tuc-chung-chi-vstep-co-thoi-han-bao-lau-update-2024','<p>Câu hỏi \"Chứng chỉ VSTEP có thời hạn bao lâu?\" luôn là mối quan tâm hàng đầu của những người chuẩn bị thi chứng chỉ này, đặc biệt là các học sinh, sinh viên. Để giúp bạn hiểu rõ hơn về hiệu lực của chứng chỉ VSTEP và cách thức sử dụng, bài viết này sẽ cung cấp những thông tin chi tiết và cập nhật nhất cho năm 2024.</p><p>Hãy cùng mình khám phá các thông tin quan trọng sau đây:</p><ul><li><strong>Chứng chỉ VSTEP là gì?</strong></li><li><strong>Thời hạn sử dụng của chứng chỉ VSTEP là bao lâu?</strong></li><li><strong>Sau khi thi chứng chỉ VSTEP, bao lâu thì có kết quả?</strong></li><li><strong>Lệ phí thi VSTEP hiện nay là bao nhiêu?</strong></li><li><strong>Giải đáp các thắc mắc phổ biến về chứng chỉ VSTEP.</strong></li></ul><p><strong>1. Chứng Chỉ VSTEP Là Gì?</strong></p><p>Chứng chỉ VSTEP (Vietnamese Standardized Test of English Proficiency) là một kỳ thi đánh giá năng lực tiếng Anh theo tiêu chuẩn Việt Nam, được tổ chức bởi Bộ Giáo dục và Đào tạo (GD&amp;ĐT). VSTEP hiện đang được áp dụng rộng rãi trong các kỳ thi đánh giá trình độ tiếng Anh của học sinh, sinh viên, và người lao động tại Việt Nam.</p><p><strong>1.1. Cấu Trúc Bài Thi VSTEP</strong></p><p>Bài thi VSTEP được thiết kế với 4 kỹ năng: Nghe, Nói, Đọc, Viết. Tùy vào mục đích và đối tượng dự thi, bài thi VSTEP có hai dạng chính:</p><ul><li><strong>VSTEP Bậc 2 (A2)</strong>: Dành cho người học ở trình độ cơ bản, với các kỹ năng như Nghe hiểu, Nói, Đọc hiểu và Viết.</li><li><strong>VSTEP Bậc 3-5 (B1, B2, C1)</strong>: Dành cho các đối tượng từ trung cấp đến cao cấp, đánh giá toàn diện các kỹ năng tiếng Anh của thí sinh.</li></ul><p><strong>2. Thời Hạn Sử Dụng Của Chứng Chỉ VSTEP Là Bao Lâu?</strong></p><p>Chứng chỉ VSTEP có một điểm đặc biệt so với nhiều chứng chỉ khác là không ghi rõ thời hạn trên phôi bằng. Theo Công văn 3755/BGDĐT-GDTX, thời hạn của chứng chỉ VSTEP phụ thuộc vào yêu cầu của từng đơn vị, tổ chức sử dụng văn bằng. Điều này có nghĩa là chứng chỉ VSTEP có thể được xem là vô thời hạn, nhưng bạn cần kiểm tra kỹ với cơ quan hoặc tổ chức yêu cầu để biết liệu có cần thi lại hoặc bổ sung chứng chỉ mới sau một thời gian sử dụng.</p><p><strong>3. Thi Chứng Chỉ VSTEP Bao Lâu Có Kết Quả?</strong></p><p>Thời gian để nhận kết quả thi VSTEP thường dao động từ 3 đến 15 ngày sau khi thi, tùy thuộc vào đơn vị tổ chức. Kết quả sẽ được gửi qua email hoặc có thể tra cứu trực tiếp trên website của đơn vị tổ chức thi. Sau khi có kết quả, chứng chỉ sẽ được cấp trong vòng 5 đến 20 ngày.</p><p><strong>4. Lệ Phí Thi VSTEP Là Bao Nhiêu?</strong></p><p>Lệ phí thi VSTEP thường dao động từ 1.200.000 đến 1.800.000 VND, tùy thuộc vào địa điểm tổ chức thi. Dưới đây là mức lệ phí ước tính tại một số trường đại học lớn:</p><ul><li><strong>Đại học Hà Nội</strong>: 500.000 - 1.800.000 VND</li><li><strong>Đại học Sài Gòn</strong>: 1.200.000 - 1.800.000 VND</li><li><strong>Đại học Huế</strong>: 1.800.000 VND</li></ul><p><strong>5. Giải Đáp Các Thắc Mắc Phổ Biến Về Chứng Chỉ VSTEP</strong></p><p>Một số câu hỏi thường gặp về chứng chỉ VSTEP bao gồm:</p><ul><li>Có thể tham gia thi VSTEP bao nhiêu lần?</li><li>Hồ sơ đăng ký thi VSTEP gồm những gì?</li><li>Thi chứng chỉ VSTEP có khó không?</li></ul><p>Nếu bạn có bất kỳ thắc mắc nào, hãy để lại bình luận bên dưới, đội ngũ của chúng tôi tại Topgiaovien.vn luôn sẵn sàng giải đáp.</p><p><strong>Kết Luận</strong></p><ul><li>Chứng chỉ VSTEP là một công cụ quan trọng giúp bạn chứng minh năng lực tiếng Anh, mở ra nhiều cơ hội trong học tập và công việc. Bài viết này hy vọng đã giúp bạn giải đáp thắc mắc về thời hạn sử dụng của chứng chỉ VSTEP và cung cấp thêm nhiều thông tin hữu ích khác. Nếu bạn đang chuẩn bị thi VSTEP, hãy sẵn sàng lên kế hoạch và chinh phục kỳ thi này nhé!</li></ul>','post-1724644611329-841840084.jpg','2024-08-27 22:55:59.994','2024-08-27 22:55:59.994',NULL,1,'715s8c-2c45-zzcc54d40fd'),(7,'Lợi ích của lớp học IELTS 1 kèm 1','tin-tuc-loi-ich-cua-lop-hoc-ielts-1-kem-1','<p><span style=\"color: rgb(0, 0, 0);\">Bạn muốn học IELTS nhưng quá bận rộn? Bạn đang tìm kiếm một nơi luyện thi IELTS hiệu quả và cá nhân hóa? Lớp học IELTS 1 kèm 1 chính là lựa chọn lý tưởng dành cho bạn. Dưới đây là 5 lý do vì sao hình thức học này sẽ giúp bạn cải thiện điểm số nhanh chóng và tối ưu nhất. </span></p><p><br></p><h3><strong style=\"color: rgb(0, 0, 0);\">1. Lộ trình cá nhân hóa được thiết kế riêng cho bạn</strong></h3><p><span style=\"color: rgb(0, 0, 0);\">Lớp học 1 kèm 1 </span><strong style=\"color: rgb(0, 0, 0);\">được thiết kế riêng</strong><span style=\"color: rgb(0, 0, 0);\">, phù hợp với mục tiêu và trình độ của từng học viên. Không giống như các lớp học nhóm, nơi chương trình học được xây dựng cho nhiều người, lớp 1 kèm 1 tập trung vào điểm mạnh và điểm yếu riêng của từng cá nhân. Điều này có nghĩa là bạn không phải học những kiến thức mà mình đã nắm vững, thay vào đó, bạn sẽ được </span><strong style=\"color: rgb(0, 0, 0);\">tập trung vào những phần cần cải thiện</strong><span style=\"color: rgb(0, 0, 0);\">, từ đó tối ưu hóa thời gian và khối lượng bài học.</span></p><p><span style=\"color: rgb(0, 0, 0);\">Với sự cá nhân hóa, giáo viên có thể đánh giá chính xác những gì bạn cần và thiết kế bài học phù hợp, đảm bảo rằng mỗi buổi học đều mang lại hiệu quả cao nhất. Bạn có thể thoải mái trao đổi về những kỹ năng mà mình cảm thấy còn thiếu, như phát âm trong Speaking, ngữ pháp trong Writing, hoặc các chiến lược làm bài Reading, Listening. Điều này giúp bạn không chỉ nắm bắt kiến thức một cách dễ dàng hơn mà còn cảm thấy tự tin hơn khi làm bài thi thực tế.</span></p><p><br></p><h3><strong style=\"color: rgb(0, 0, 0);\">2. Lựa chọn giáo viên theo mong muốn</strong></h3><p><span style=\"color: rgb(0, 0, 0);\">Với lớp IELTS 1 kèm 1, bạn có thể dễ dàng </span><strong style=\"color: rgb(0, 0, 0);\">lựa chọn giáo viên</strong><span style=\"color: rgb(0, 0, 0);\"> phù hợp với phong cách học của mình thông qua hệ thống đánh giá chi tiết trên website. Trước khi đăng ký lớp học, bạn có thể xem </span><strong style=\"color: rgb(0, 0, 0);\">các đánh giá và nhận xét</strong><span style=\"color: rgb(0, 0, 0);\"> từ những học viên trước đó để hiểu rõ hơn về phương pháp, khả năng giảng dạy của giáo viên. Ngoài ra, các thông tin về </span><strong style=\"color: rgb(0, 0, 0);\">bằng cấp, kinh nghiệm giảng dạy</strong><span style=\"color: rgb(0, 0, 0);\"> của từng giáo viên cũng được công khai, giúp bạn có thể cân nhắc và đưa ra quyết định.</span></p><p><span style=\"color: rgb(0, 0, 0);\">Việc học với một giáo viên phù hợp không chỉ giúp bạn học tập thoải mái mà còn thúc đẩy động lực học và cải thiện kỹ năng một cách nhanh chóng. Sự linh hoạt trong việc lựa chọn giáo viên giúp bạn tìm được người thầy lý tưởng, giúp tối ưu hóa việc học và đảm bảo kết quả tốt nhất. Nếu có điều gì không hài lòng, bạn hoàn toàn có thể góp ý với giáo viên để điều chỉnh lại cho phù hợp với mong muốn của bạn.</span></p><p><br></p><h3><strong style=\"color: rgb(0, 0, 0);\">3. Được giáo viên đồng hành mọi lúc</strong></h3><p><span style=\"color: rgb(0, 0, 0);\">Một trong những lợi thế lớn nhất của lớp học 1 kèm 1 là bạn nhận được sự chú ý đặc biệt từ giáo viên. Trong suốt buổi học, giáo viên sẽ </span><strong style=\"color: rgb(0, 0, 0);\">theo dõi tiến trình</strong><span style=\"color: rgb(0, 0, 0);\"> của bạn và đưa ra những nhận xét chi tiết, ngay lập tức chỉnh sửa các lỗi sai mà bạn mắc phải. Điều này giúp bạn hiểu rõ hơn về những lỗi sai và có thể khắc phục ngày, thay vì đợi đến buổi học sau hoặc mất thời gian tự tìm hiểu. Không chỉ trên lớp, mà ngay cả ngoài giờ học, nếu bạn có bất kỳ thắc mắc hoặc vấn đề gì bạn cũng có thể nhắn tin hỏi giáo viên ngay.</span></p><p><span style=\"color: rgb(0, 0, 0);\">Sự </span><strong style=\"color: rgb(0, 0, 0);\">phản hồi trực tiếp</strong><span style=\"color: rgb(0, 0, 0);\"> từ giáo viên cũng giúp bạn cải thiện nhanh chóng các kỹ năng của mình. Trong lớp học nhóm, giáo viên không thể chú ý đến từng học viên một cách chi tiết, nhưng với lớp 1 kèm 1, bạn sẽ nhận được sự hướng dẫn cụ thể về cách cải thiện từng kỹ năng, từ cách phát triển ý tưởng trong Writing, sửa phát âm trong Speaking, đến các mẹo làm bài trong Reading và Listening.</span></p><p><br></p><h3><strong style=\"color: rgb(0, 0, 0);\">4. Tiến độ học nhanh hơn</strong></h3><p><span style=\"color: rgb(0, 0, 0);\">Lớp học 1 kèm 1 cho phép bạn </span><strong style=\"color: rgb(0, 0, 0);\">kiểm soát tiến độ học tập</strong><span style=\"color: rgb(0, 0, 0);\"> của mình. Bạn có thể học nhanh hoặc chậm, tùy thuộc vào khả năng tiếp thu và thời gian bạn có. Nếu bạn cần luyện thi gấp hoặc có thời gian học hạn chế, giáo viên sẽ </span><strong style=\"color: rgb(0, 0, 0);\">điều chỉnh tốc độ học</strong><span style=\"color: rgb(0, 0, 0);\"> sao cho phù hợp với bạn mà vẫn đảm bảo bạn nắm vững kiến thức cần thiết. Điều này giúp bạn tối đa hóa hiệu quả học tập trong thời gian ngắn nhất.</span></p><p><span style=\"color: rgb(0, 0, 0);\">Hơn nữa, lớp học 1 kèm 1 không có áp lực phải theo kịp tiến độ chung của cả lớp, bạn sẽ không cảm thấy bị bỏ lại phía sau hoặc phải chờ đợi những học viên khác. Mọi sự tập trung đều dồn vào bạn, giúp bạn hoàn thiện các kỹ năng nhanh chóng hơn mà không bị phân tán.</span></p><p><br></p><h3><strong style=\"color: rgb(0, 0, 0);\">5. Lịch học linh hoạt</strong></h3><p><span style=\"color: rgb(0, 0, 0);\">Một lợi ích lớn khác của lớp học 1 kèm 1 là tính </span><strong style=\"color: rgb(0, 0, 0);\">linh hoạt về thời gian</strong><span style=\"color: rgb(0, 0, 0);\">. Với lịch trình cá nhân hóa, bạn có thể dễ dàng sắp xếp thời gian học phù hợp với công việc, học tập hoặc các hoạt động khác. Điều này đặc biệt hữu ích với những người bận rộn, không thể tham gia các lớp học có thời gian cố định.</span></p><p><span style=\"color: rgb(0, 0, 0);\">Bạn có thể chọn học trực tuyến hoặc học trực tiếp tùy mong muốn, mà vẫn đảm bảo chất lượng học tập cao nhất. Việc có thể linh động về thời gian học giúp bạn duy trì việc học một cách ổn định và không bị gián đoạn bởi những lịch trình khác.</span></p><p><br></p><p><br></p><p><br></p>','post-1726469779662-849227327.jpg','2024-09-16 06:56:19.680','2024-09-17 09:43:49.881',NULL,1,'715s8c-2c45-zzcc54d40fd'),(8,'Gặp Gỡ Đội Ngũ Giáo Viên','tin-tuc-gap-go-doi-ngu-giao-vien','<h2><span style=\"color: rgb(0, 0, 0);\">Gặp Gỡ Đội Ngũ Giáo Viên – Cô Nguyễn Lê Nhật Khanh </span></h2><p><span style=\"color: rgb(0, 0, 0);\">Chúng ta sẽ cùng gặp gỡ cô Nguyễn Lê Nhật Khanh – một trong những giáo viên siêu đỉnh tại Top Giáo Viên. Với 4 năm kinh nghiệm giảng dạy IELTS, cô Khanh luôn mang đến những tiết học chất lượng và truyền cảm hứng cho hàng trăm học viên. Cô không chỉ sở hữu IELTS 8.0, mà còn có bề dày học vấn từ Đại học RMIT và từng du học tại Canada. Chính vì thế, cô luôn dẫn dắt học viên với phong cách giảng dạy sáng tạo và cực kỳ hiệu quả.</span></p><h3><strong style=\"color: rgb(0, 0, 0);\">Thành Tựu &amp; Kinh Nghiệm</strong></h3><ul><li>IELTS 8.0: Cô Khanh sở hữu band điểm cao chót vót, trong đó đặc biệt nổi bật ở hai kỹ năng Writing và Reading – hai kỹ năng mà nhiều học viên thường lo ngại khi luyện thi. Với sự hỗ trợ của cô, việc cải thiện và nâng cao hai kỹ năng này trở nên dễ dàng hơn bao giờ hết!</li><li>Cựu sinh viên Đại học RMIT: Với nền tảng học vấn từ trường đại học quốc tế hàng đầu Việt Nam, cô Khanh được trang bị tư duy hiện đại, phương pháp dạy học cập nhật liên tục để giúp học viên đạt hiệu quả tối đa.</li><li>Du học sinh Canada: Trải nghiệm sống và học tập tại Canada đã giúp cô hiểu sâu sắc về cách sử dụng tiếng Anh trong môi trường thực tế, giúp học viên không chỉ học ngữ pháp và từ vựng mà còn phát triển khả năng giao tiếp tự nhiên.</li></ul><h3><strong style=\"color: rgb(0, 0, 0);\">Phương Pháp Giảng Dạy \"Chất Lừ\"</strong></h3><p><span style=\"color: rgb(0, 0, 0);\">Cô Khanh có thế mạnh trong việc dạy các lớp IELTS mọi level và IELTS Intensive. Dù bạn mới bắt đầu hay đang cần cải thiện nhanh để chuẩn bị cho kỳ thi, cô đều có phương pháp tiếp cận linh hoạt, cá nhân hóa để đảm bảo bạn đạt được kết quả như mong muốn.</span></p><ul><li>IELTS Writing và Reading: Là hai kỹ năng khó nhằn trong IELTS, nhưng với phong cách giảng dạy chi tiết và dễ hiểu của cô Khanh, học viên sẽ dần cải thiện khả năng phân tích bài đọc, làm quen với các dạng bài viết và tự tin thể hiện ý tưởng của mình.</li><li>IELTS Intensive: Nếu bạn đang cần luyện gấp để chuẩn bị cho kỳ thi, các khóa học cấp tốc của cô Khanh sẽ giúp bạn tối ưu thời gian, nâng cao điểm số một cách nhanh chóng và hiệu quả.</li></ul><h3><strong style=\"color: rgb(0, 0, 0);\">Tại Sao Học Cùng Cô Khanh Là Sự Lựa Chọn \"Đỉnh\"?</strong></h3><ul><li>4 năm kinh nghiệm giảng dạy: Cô Khanh đã đồng hành cùng hàng trăm học viên trên chặng đường luyện thi IELTS, với nhiều bạn đã tăng từ 1-2 band điểm chỉ trong vài tháng học tập. Cô luôn lắng nghe, thấu hiểu và hỗ trợ từng học viên để họ vượt qua mọi thử thách trong kỳ thi.</li><li>Du học sinh Canada: Nhờ thời gian học tập và sinh sống tại nước ngoài, cô không chỉ truyền đạt kiến thức mà còn mang đến cái nhìn thực tế về việc sử dụng tiếng Anh trong cuộc sống hàng ngày, giúp học viên áp dụng kiến thức học được vào thực tế một cách tự tin.</li></ul><h3><strong style=\"color: rgb(0, 0, 0);\">Cô Khanh – Người Truyền Cảm Hứng</strong></h3><p><span style=\"color: rgb(0, 0, 0);\">Với tinh thần nhiệt huyết, cô Nguyễn Lê Nhật Khanh không chỉ là một giáo viên mà còn là người bạn đồng hành tận tâm của học viên. Cô luôn động viên, truyền cảm hứng và giúp học viên vượt qua những khó khăn trong hành trình học tập. Nhờ sự tận tâm và chuyên môn vững vàng của cô, học viên không chỉ đạt được điểm số mong muốn mà còn phát triển tình yêu với tiếng Anh và kỹ năng sống cần thiết cho tương lai.</span></p>','post-1726471168487-892856363.jpg','2024-09-16 07:19:28.513','2024-09-16 07:19:45.704',NULL,1,'715s8c-2c45-zzcc54d40fd'),(9,'Giới Thiệu Lớp Học 1 Kèm 1 và 1 Kèm 2 ','tin-tuc-gioi-thieu-lop-hoc-1-kem-1-va-1-kem-2','<h2><strong style=\"color: rgb(0, 0, 0);\">Giới Thiệu Lớp Học 1 Kèm 1 và 1 Kèm 2 – Lựa Chọn Tối Ưu Để Bứt Phá Kỹ Năng </strong></h2><p><span style=\"color: rgb(0, 0, 0);\">Bạn đã từng cảm thấy “lạc lõng” trong một lớp học quá đông người, không được quan tâm sát sao hoặc chưa thực sự hiểu rõ những gì mình cần cải thiện? Nếu có, thì lớp học </span><strong style=\"color: rgb(0, 0, 0);\">1 kèm 1</strong><span style=\"color: rgb(0, 0, 0);\"> và </span><strong style=\"color: rgb(0, 0, 0);\">1 kèm 2</strong><span style=\"color: rgb(0, 0, 0);\"> chính là “chìa khóa vàng” dành cho bạn.</span></p><h3><strong style=\"color: rgb(0, 0, 0);\">Tại sao học cá nhân hóa lại là lựa chọn tốt nhất?</strong></h3><p><span style=\"color: rgb(0, 0, 0);\">Khi bạn đăng ký khóa học </span><strong style=\"color: rgb(0, 0, 0);\">1 kèm 1</strong><span style=\"color: rgb(0, 0, 0);\"> hoặc </span><strong style=\"color: rgb(0, 0, 0);\">1 kèm 2</strong><span style=\"color: rgb(0, 0, 0);\">, giáo viên sẽ dành toàn bộ thời gian để tập trung vào những điểm yếu, điểm mạnh và phong cách học của riêng bạn. Đây là phương pháp hiệu quả nhất để </span><strong style=\"color: rgb(0, 0, 0);\">nâng cao kỹ năng nhanh chóng</strong><span style=\"color: rgb(0, 0, 0);\">, đặc biệt là đối với việc luyện thi IELTS hoặc phát triển kỹ năng giao tiếp.</span></p><h3><strong style=\"color: rgb(0, 0, 0);\">Những Lợi Ích \"Không Thể Bỏ Qua\" Khi Học 1 Kèm 1 và 1 Kèm 2</strong></h3><ol><li><strong>Tập Trung 100% Vào Bạn</strong></li><li>Không còn phải chia sẻ sự chú ý của giáo viên với hàng chục học viên khác. Tất cả mọi vấn đề, từ phát âm, ngữ pháp đến chiến lược làm bài, đều sẽ được giải thích cặn kẽ và điều chỉnh theo đúng nhu cầu của bạn.</li><li><strong>Lộ Trình Học Tập Cá Nhân Hóa</strong></li><li>Bạn không cần phải học những thứ mình đã giỏi, và cũng không phải lo lắng bỏ qua những phần chưa hiểu. Giáo viên sẽ tạo ra một lộ trình học riêng biệt, đảm bảo mỗi buổi học đều phù hợp với khả năng và tiến độ của bạn.</li><li><strong>Tăng Tốc Độ Tiến Bộ</strong></li><li>Trong một lớp học đông người, có thể mất rất nhiều thời gian để bạn nắm bắt được hết nội dung và tiến bộ. Nhưng với lớp <strong>1 kèm 1</strong> hoặc <strong>1 kèm 2</strong>, bạn sẽ thấy kết quả cải thiện nhanh chóng chỉ sau vài buổi học. Bạn có thể thoải mái hỏi bất cứ điều gì mà không sợ “ngại” hay tốn thời gian của người khác.</li><li><strong>Môi Trường Học Tập Thoải Mái</strong></li><li>Với lớp <strong>1 kèm 2</strong>, bạn và một người bạn có thể cùng học và hỗ trợ nhau, nhưng vẫn đảm bảo không khí học tập thoải mái và tập trung. Lớp học nhỏ giúp bạn tự tin hơn, không còn cảm giác áp lực hay e dè như trong lớp học đông.</li><li><strong>Tối Ưu Hóa Kỹ Năng Giao Tiếp</strong></li><li>Với lớp cá nhân hóa, bạn có nhiều thời gian thực hành và nhận phản hồi chi tiết từ giáo viên về cách sử dụng ngôn ngữ trong từng tình huống cụ thể. Đặc biệt, nếu bạn học IELTS, việc này giúp bạn cải thiện <strong>Speaking</strong> rất nhiều!</li></ol><h3><strong style=\"color: rgb(0, 0, 0);\">So Sánh Giữa Lớp Học Nhỏ và Lớp Học Đông</strong></h3><h4><strong>Lớp Học Đông Người</strong>:</h4><ul><li>Giáo viên phải chia sẻ thời gian và sự tập trung cho nhiều học viên.</li><li>Khó có sự tương tác cá nhân với giáo viên.</li><li>Không phải lúc nào cũng được giải đáp thắc mắc ngay lập tức.</li></ul><h4><strong>Lớp 1 Kèm 1 / 1 Kèm 2</strong>:</h4><ul><li>Giáo viên chỉ tập trung vào bạn, giải đáp chi tiết từng vấn đề.</li><li>Học viên thoải mái hỏi và thực hành, không bị áp lực từ những người xung quanh.</li><li>Lộ trình học linh hoạt, được thiết kế dựa trên mục tiêu và khả năng riêng.</li></ul><h3><strong style=\"color: rgb(0, 0, 0);\">Ai Nên Chọn Lớp 1 Kèm 1 và 1 Kèm 2?</strong></h3><h4><span style=\"color: rgb(0, 0, 0);\">Nếu bạn đang muốn:</span></h4><ul><li><strong>Bứt phá band điểm IELTS</strong> trong thời gian ngắn.</li><li>Cải thiện nhanh chóng kỹ năng <strong>Speaking</strong> hoặc <strong>Writing</strong>.</li><li>Tìm kiếm một lộ trình học tập cá nhân hóa, phù hợp với nhịp độ và mục tiêu của riêng mình.</li></ul><p><span style=\"color: rgb(0, 0, 0);\">Thì lớp học </span><strong style=\"color: rgb(0, 0, 0);\">1 kèm 1</strong><span style=\"color: rgb(0, 0, 0);\"> hoặc </span><strong style=\"color: rgb(0, 0, 0);\">1 kèm 2</strong><span style=\"color: rgb(0, 0, 0);\"> chính là sự lựa chọn hoàn hảo để bạn nhanh chóng đạt được kết quả như mong muốn.</span></p><p><span style=\"color: rgb(0, 0, 0);\">------------------------------------------------------------------------------------------------------------------------------------------------------------------------------------------------------------------</span></p><p><em style=\"color: rgb(0, 0, 0);\">Hãy đăng ký ngay hôm nay để trải nghiệm một khóa học mang tính cá nhân hóa cao, giúp bạn tiến bộ vượt bậc trong thời gian ngắn!</em></p>','post-1726482485149-412078276.jpg','2024-09-16 09:04:15.720','2024-09-16 10:28:05.157',NULL,1,'715s8c-2c45-zzcc54d40fd'),(10,'Tự tin giao tiếp tiếng Anh với lớp học cá nhân hóa','tin-tuc-tu-tin-giao-tiep-tieng-anh-voi-lop-hoc-ca-nhan-hoa','<p><span style=\"color: rgb(0, 0, 0);\">Sự tự tin trong giao tiếp tiếng Anh không chỉ đến từ việc học từ vựng hay ngữ pháp mà còn từ cách bạn hiểu và áp dụng ngôn ngữ vào thực tế. Đối với nhiều học viên, nỗi sợ phát âm sai, mắc lỗi và thiếu tự tin khi nói tiếng Anh là rào cản lớn nhất. Đây là lý do tại sao việc học tiếng Anh theo hình thức </span><strong style=\"color: rgb(0, 0, 0);\">cá nhân hóa</strong><span style=\"color: rgb(0, 0, 0);\"> đang trở nên quan trọng hơn bao giờ hết. Khi phương pháp học tập được điều chỉnh riêng cho từng học viên, sự tự tin sẽ tự nhiên tăng lên nhờ sự phù hợp với phong cách học và tiến độ riêng của mỗi người.</span></p><p><br></p><h3><strong style=\"color: rgb(0, 0, 0);\">1. Chương trình học điều chỉnh theo từng cá nhân</strong></h3><p><span style=\"color: rgb(0, 0, 0);\">Trình độ và khả năng tiếp thu của mỗi người là khác nhau. Trong một lớp học đông người, nhiều học viên có thể cảm thấy khó khăn trong việc theo kịp chương trình chung hoặc không có đủ thời gian để hiểu rõ hết mọi vấn đề. Tuy nhiên, với lớp học cá nhân hóa, chương trình học sẽ được thiết kế, điều chỉnh theo nhu cầu và khả năng của bạn. Giáo viên sẽ tập trung giúp bạn cải thiện những kỹ năng còn yếu như phát âm, từ vựng, ngữ pháp hay tư duy tiếng Anh.</span></p><p><span style=\"color: rgb(0, 0, 0);\">Việc học theo đúng tốc độ và khả năng của mình giúp bạn không còn lo lắng về việc bị bỏ lại phía sau hoặc không theo kịp các học viên khác, từ đó cảm thấy thoải mái và tự tin hơn.</span></p><p><br></p><h3><strong style=\"color: rgb(0, 0, 0);\">2. Tương tác một kèm một với giáo viên</strong></h3><p><span style=\"color: rgb(0, 0, 0);\">Trong môi trường học cá nhân hóa, bạn có cơ hội tương tác nhiều hơn với giáo viên. Điều này tạo điều kiện cho bạn </span><strong style=\"color: rgb(0, 0, 0);\">thực hành giao tiếp</strong><span style=\"color: rgb(0, 0, 0);\"> liên tục, từ đó cải thiện khả năng nói và sự tự tin trong quá trình học. Sự </span><strong style=\"color: rgb(0, 0, 0);\">tương tác trực tiếp và liên tục</strong><span style=\"color: rgb(0, 0, 0);\"> với giáo viên giúp bạn dễ dàng hỏi đáp, giải quyết những vấn đề bạn gặp phải một cách chi tiết và nhanh chóng. Giáo viên cũng có thể điều chỉnh cách dạy, cách tương tác để phù hợp nhất với phong cách học của bạn, từ đó giúp bạn phát triển và nâng cao sự tự tin khi giao tiếp.</span></p><p><span style=\"color: rgb(0, 0, 0);\">Đặc biệt, khi học trong lớp đông, nhiều học viên thường cảm thấy áp lực khi nói hoặc thực hành vì sợ bị cười chê hoặc lo lắng về những sai sót ngữ pháp, phát âm. Điều này thường dẫn đến việc thiếu tự tin khi giao tiếp, nhưng với lớp 1 kèm 1, bạn có thể thoải mái giao tiếp, phát triển kỹ năng ngôn ngữ mà không lo sợ bị phán xét hay mắc lỗi trước người khác.</span></p><p><br></p><h3><strong style=\"color: rgb(0, 0, 0);\">3. Phản hồi liên tục và cải thiện nhanh chóng</strong></h3><p><span style=\"color: rgb(0, 0, 0);\">Một trong những lý do khiến nhiều học viên thiếu tự tin khi học tiếng Anh là không biết mình đã mắc lỗi ở đâu hoặc làm thế nào để sửa chúng. Với phương pháp học cá nhân hóa, bạn sẽ nhận được </span><strong style=\"color: rgb(0, 0, 0);\">phản hồi liên tục và chi tiết</strong><span style=\"color: rgb(0, 0, 0);\"> từ giáo viên về các lỗi phát âm, cách sử dụng từ vựng hoặc ngữ pháp. Điều này giúp bạn hiểu rõ hơn về những gì cần cải thiện và thay đổi ngay lập tức.</span></p><p><span style=\"color: rgb(0, 0, 0);\">Khi các lỗi sai được khắc phục ngay từ đầu, bạn sẽ dần dần giảm bớt cảm giác lo lắng khi giao tiếp. Sự tiến bộ từng bước này giúp bạn tự tin hơn khi sử dụng tiếng Anh trong mọi tình huống, từ giao tiếp hằng ngày đến các buổi thuyết trình hay phỏng vấn quan trọng.</span></p><p><br></p><h3><strong style=\"color: rgb(0, 0, 0);\">4. Sự đồng hành từ giáo viên</strong></h3><p><span style=\"color: rgb(0, 0, 0);\">Lớp học cá nhân hóa thường diễn ra trong môi trường học tập thân thiện, nơi bạn có thể thoải mái thảo luận với giáo viên mà không lo sợ mắc lỗi hay bị phán xét. Giáo viên sẽ luôn đồng hành cùng bạn, </span><strong style=\"color: rgb(0, 0, 0);\">đưa ra lời khuyên, động viên và khích lệ</strong><span style=\"color: rgb(0, 0, 0);\"> bạn vượt qua khó khăn, giúp bạn lấy lại niềm tin vào khả năng của mình. Đây là chìa khóa quan trọng giúp tăng cường sự tự tin một cách bền vững. Sự khích lệ từ giáo viên và cảm giác đạt được tiến bộ từng ngày sẽ giúp bạn tự tin hơn trong giao tiếp và tự phát triển kỹ năng tiếng Anh của mình một cách tự nhiên.</span></p><p><br></p><p><br></p>','post-1726544794606-913721863.jpg','2024-09-17 03:46:34.633','2024-09-17 09:43:23.137',NULL,1,'715s8c-2c45-zzcc54d40fd'),(12,'Lớp Học 1 Kèm 2: Bí Quyết Để Bạn Tự Tin Giao Tiếp Tiếng Anh Thực Tế\r\n','tin-tuc-lop-hoc-1-kem-2-bi-quyet-de-ban-tu-tin-giao-tiep-tieng-anh-thuc-te','<p><span style=\"color: rgb(0, 0, 0);\">Nếu bạn đang cảm thấy </span><strong style=\"color: rgb(0, 0, 0);\">mất tự tin</strong><span style=\"color: rgb(0, 0, 0);\"> khi giao tiếp tiếng Anh, đặc biệt là trong môi trường công việc hoặc cuộc sống hàng ngày, thì lớp học 1 kèm 2 tại </span><strong style=\"color: rgb(0, 0, 0);\">Topgiaovien</strong><span style=\"color: rgb(0, 0, 0);\"> chính là câu trả lời mà bạn cần! Hãy tưởng tượng bạn có thể giao tiếp tiếng Anh một cách tự nhiên, không còn lo lắng hay ngại ngùng khi nói chuyện với đồng nghiệp hay đối tác nước ngoài. Nghe có vẻ xa vời, đúng không? Nhưng với phương pháp học tập thực tế và hiệu quả của chúng tôi, điều này hoàn toàn nằm trong tầm tay của bạn!</span></p><p><br></p><h1><strong style=\"color: rgb(0, 0, 0);\">1. Lớp Học 1 Kèm 2 Là Gì?</strong></h1><p><span style=\"color: rgb(0, 0, 0);\">Lớp học 1 kèm 2 là mô hình học tập mà bạn sẽ học cùng một bạn học khác và có giáo viên hướng dẫn trực tiếp. </span><strong style=\"color: rgb(0, 0, 0);\">Không đông đúc, không ồn ào</strong><span style=\"color: rgb(0, 0, 0);\">, chỉ có bạn, người bạn học và giáo viên, giúp bạn có thể tập trung cao độ và tận hưởng môi trường học tập riêng tư, </span><strong style=\"color: rgb(0, 0, 0);\">linh hoạt</strong><span style=\"color: rgb(0, 0, 0);\">. Điều này đồng nghĩa với việc bạn có nhiều cơ hội </span><strong style=\"color: rgb(0, 0, 0);\">thực hành</strong><span style=\"color: rgb(0, 0, 0);\">, </span><strong style=\"color: rgb(0, 0, 0);\">trao đổi</strong><span style=\"color: rgb(0, 0, 0);\">, và nhận được sự hỗ trợ trực tiếp từ giáo viên, thay vì phải ngồi nghe lý thuyết quá nhiều.</span></p><p><span style=\"color: rgb(0, 0, 0);\">Bạn không cần phải chờ đợi đến lượt mình phát biểu trong lớp học đông đúc, hay cảm thấy </span><strong style=\"color: rgb(0, 0, 0);\">bị bỏ rơi</strong><span style=\"color: rgb(0, 0, 0);\"> khi chưa hiểu rõ bài giảng. </span><strong style=\"color: rgb(0, 0, 0);\">Mọi câu hỏi của bạn sẽ được giải đáp ngay lập tức</strong><span style=\"color: rgb(0, 0, 0);\">, và giáo viên sẽ sát sao chỉnh sửa cho bạn từ những chi tiết nhỏ nhất, từ cách phát âm đến cách sử dụng từ trong từng tình huống thực tế.</span></p><p><br></p><h1><strong style=\"color: rgb(0, 0, 0);\">2. Nội Dung Học Thực Tế – Áp Dụng Ngay Vào Cuộc Sống</strong></h1><p><span style=\"color: rgb(0, 0, 0);\">Một trong những điều khiến học viên cảm thấy yêu thích khóa học 1 kèm 2 tại Topgiaovien là </span><strong style=\"color: rgb(0, 0, 0);\">nội dung học rất thực tế và gần gũi</strong><span style=\"color: rgb(0, 0, 0);\">. Bạn không chỉ học các cấu trúc câu đơn giản hay từ vựng cơ bản, mà sẽ được thực hành trong các </span><strong style=\"color: rgb(0, 0, 0);\">tình huống giao tiếp thực tế</strong><span style=\"color: rgb(0, 0, 0);\"> mà bạn gặp phải trong cuộc sống và công việc.</span></p><p><span style=\"color: rgb(0, 0, 0);\">Các buổi học sẽ giúp bạn trả lời những câu hỏi như:</span></p><ul><li>Làm thế nào để <strong>giới thiệu bản thân</strong> một cách tự tin và chuyên nghiệp với đồng nghiệp hoặc đối tác nước ngoài?</li><li>Khi trò chuyện về <strong>công việc</strong> và <strong>kinh doanh</strong>, bạn nên sử dụng ngôn ngữ và cách diễn đạt nào để tạo ấn tượng tốt?</li><li>Cách xử lý khi bạn gặp <strong>khách hàng quốc tế</strong>, hay phải thuyết trình trước nhóm người nói tiếng Anh?</li></ul><p><span style=\"color: rgb(0, 0, 0);\">Ngoài ra, chúng tôi cũng sẽ giúp bạn chuẩn bị cho những </span><strong style=\"color: rgb(0, 0, 0);\">tình huống không lường trước</strong><span style=\"color: rgb(0, 0, 0);\">, như khi phải trả lời những câu hỏi khó từ đồng nghiệp, hoặc phải xử lý một cuộc trao đổi phức tạp mà bạn chưa quen. Bằng cách </span><strong style=\"color: rgb(0, 0, 0);\">học thông qua thực hành</strong><span style=\"color: rgb(0, 0, 0);\">, bạn sẽ không chỉ biết cách sử dụng từ đúng ngữ cảnh mà còn biết cách phản xạ tự nhiên trong mọi tình huống.</span></p><p><br></p><h1><strong style=\"color: rgb(0, 0, 0);\">3. Tại Sao Mô Hình 1 Kèm 2 Hiệu Quả?</strong></h1><p><span style=\"color: rgb(0, 0, 0);\">Một lớp học quá đông có thể khiến bạn cảm thấy khó có cơ hội để thực sự luyện tập giao tiếp. Bạn có thể ngồi nghe giảng nhưng lại ít có cơ hội </span><strong style=\"color: rgb(0, 0, 0);\">tương tác</strong><span style=\"color: rgb(0, 0, 0);\"> và </span><strong style=\"color: rgb(0, 0, 0);\">nói</strong><span style=\"color: rgb(0, 0, 0);\">. Lớp 1 kèm 2 thì khác. Với số lượng học viên ít, mỗi buổi học sẽ là </span><strong style=\"color: rgb(0, 0, 0);\">một buổi thực hành giao tiếp liên tục</strong><span style=\"color: rgb(0, 0, 0);\">. Điều này giúp bạn có thêm </span><strong style=\"color: rgb(0, 0, 0);\">sự tự tin</strong><span style=\"color: rgb(0, 0, 0);\"> và </span><strong style=\"color: rgb(0, 0, 0);\">thời gian để sửa lỗi</strong><span style=\"color: rgb(0, 0, 0);\"> ngay lập tức.</span></p><p><span style=\"color: rgb(0, 0, 0);\">Giáo viên sẽ luôn ở bên bạn để </span><strong style=\"color: rgb(0, 0, 0);\">hỗ trợ</strong><span style=\"color: rgb(0, 0, 0);\">, lắng nghe, và </span><strong style=\"color: rgb(0, 0, 0);\">sửa chữa các lỗi sai</strong><span style=\"color: rgb(0, 0, 0);\"> từ ngữ pháp đến phát âm. Điều này giúp bạn nắm rõ hơn từng chi tiết nhỏ và không bao giờ cảm thấy mình </span><strong style=\"color: rgb(0, 0, 0);\">lạc lối</strong><span style=\"color: rgb(0, 0, 0);\"> trong quá trình học.</span></p><p><span style=\"color: rgb(0, 0, 0);\">Môi trường học tập này cũng rất </span><strong style=\"color: rgb(0, 0, 0);\">thân thiện</strong><span style=\"color: rgb(0, 0, 0);\">, giúp bạn không cảm thấy áp lực. Bạn có thể thoải mái phát biểu, trao đổi và thực hành mà không lo ngại sẽ bị người khác đánh giá. Càng </span><strong style=\"color: rgb(0, 0, 0);\">thực hành nhiều</strong><span style=\"color: rgb(0, 0, 0);\">, bạn sẽ càng quen với việc sử dụng tiếng Anh trong giao tiếp hàng ngày.</span></p><p><br></p><h1><strong style=\"color: rgb(0, 0, 0);\">4. Thoải Mái Giao Tiếp, Học Mà Vui!</strong></h1><p><span style=\"color: rgb(0, 0, 0);\">Nếu bạn nghĩ học tiếng Anh là nhàm chán và khó khăn, thì lớp học tại Topgiaovien sẽ thay đổi suy nghĩ đó. Chúng tôi tạo ra </span><strong style=\"color: rgb(0, 0, 0);\">một không gian học tập thân thiện và thoải mái</strong><span style=\"color: rgb(0, 0, 0);\"> để bạn có thể tự tin thể hiện bản thân mà không sợ mắc lỗi.</span></p><p><span style=\"color: rgb(0, 0, 0);\">Mỗi buổi học đều giống như một buổi trò chuyện vui vẻ. Bạn sẽ có cơ hội nói nhiều hơn, đặt câu hỏi và nhận được sự hướng dẫn từ giáo viên. </span><strong style=\"color: rgb(0, 0, 0);\">Không còn những bài học nặng nề lý thuyết</strong><span style=\"color: rgb(0, 0, 0);\">, mà thay vào đó là sự </span><strong style=\"color: rgb(0, 0, 0);\">trải nghiệm thực tế</strong><span style=\"color: rgb(0, 0, 0);\">, giúp bạn tự tin hơn từng ngày.</span></p><p><span style=\"color: rgb(0, 0, 0);\">Chúng tôi hiểu rằng, </span><strong style=\"color: rgb(0, 0, 0);\">sai lầm là một phần của quá trình học tập</strong><span style=\"color: rgb(0, 0, 0);\">. Vì vậy, thay vì sợ mắc lỗi, bạn sẽ được khuyến khích nói sai để từ đó học cách nói đúng. Sự thoải mái này chính là yếu tố giúp bạn nhanh chóng cải thiện kỹ năng giao tiếp tiếng Anh một cách tự nhiên nhất.</span></p><p><br></p><h1><strong style=\"color: rgb(0, 0, 0);\">5. Cải Thiện Kỹ Năng, Mở Rộng Cơ Hội</strong></h1><p><span style=\"color: rgb(0, 0, 0);\">Việc giỏi giao tiếp tiếng Anh không chỉ giúp bạn </span><strong style=\"color: rgb(0, 0, 0);\">nâng cao sự tự tin</strong><span style=\"color: rgb(0, 0, 0);\"> mà còn mở ra rất nhiều cơ hội trong </span><strong style=\"color: rgb(0, 0, 0);\">công việc</strong><span style=\"color: rgb(0, 0, 0);\"> và </span><strong style=\"color: rgb(0, 0, 0);\">cuộc sống</strong><span style=\"color: rgb(0, 0, 0);\">. Đặc biệt, trong môi trường quốc tế hiện nay, khả năng giao tiếp tốt bằng tiếng Anh sẽ là </span><strong style=\"color: rgb(0, 0, 0);\">bước đệm vững chắc</strong><span style=\"color: rgb(0, 0, 0);\"> để bạn thăng tiến trong sự nghiệp.</span></p><p><span style=\"color: rgb(0, 0, 0);\">Bạn sẽ thấy mình dễ dàng </span><strong style=\"color: rgb(0, 0, 0);\">kết nối</strong><span style=\"color: rgb(0, 0, 0);\"> với đối tác quốc tế, thuyết phục khách hàng nước ngoài, hoặc thậm chí là tham gia vào các </span><strong style=\"color: rgb(0, 0, 0);\">cuộc họp quốc tế</strong><span style=\"color: rgb(0, 0, 0);\"> mà không còn cảm giác lo lắng hay bị áp lực.</span></p><p><br></p><h1><strong style=\"color: rgb(0, 0, 0);\">6. Khóa Học Này Dành Cho Ai?</strong></h1><ul><li>Những ai cần <strong>nâng cao kỹ năng giao tiếp nhanh chóng</strong> để phục vụ cho công việc và cuộc sống.</li><li>Những người bận rộn nhưng vẫn muốn tìm một môi trường học tập <strong>tương tác cao</strong> và được <strong>chăm sóc tận tình</strong> từ giáo viên.</li><li>Bạn muốn <strong>tự tin hơn</strong> khi giao tiếp trong môi trường quốc tế, hoặc chuẩn bị cho các <strong>cuộc họp, thuyết trình</strong> với khách hàng nước ngoài.</li></ul><p><br></p><p>------------------------------------------------------------------------------------------------------------------------------------------------------------------------------------------------</p><p><br></p><p><span style=\"color: rgb(0, 0, 0);\">Nếu bạn đang cảm thấy kỹ năng giao tiếp tiếng Anh của mình cần được cải thiện, thì đừng ngần ngại nữa! Lớp học 1 kèm 2 tại Topgiaovien sẽ giúp bạn vượt qua mọi rào cản, cải thiện kỹ năng giao tiếp một cách nhanh chóng và tự nhiên. Hãy đăng ký ngay để có trải nghiệm học tập đầy hiệu quả và mở ra nhiều cơ hội mới cho tương lai của bạn!</span></p><p><br></p><p><br></p>','post-1726551375800-363587791.jpg','2024-09-17 05:36:15.816','2024-09-17 05:36:15.816',NULL,1,'715s8c-2c45-zzcc54d40fd'),(13,'Tại sao nên chọn học tại Topgiaovien?','tin-tuc-tai-sao-nen-chon-hoc-tai-topgiaovien','<p><span style=\"color: rgb(0, 0, 0);\">Việc chọn trung tâm luyện thi IELTS phù hợp là một trong những quyết định quan trọng trên con đường chinh phục kỳ thi này. Với sự cạnh tranh khốc liệt từ nhiều trung tâm ngoại ngữ khác nhau, Topgiaovien tự hào là lựa chọn hàng đầu của nhiều học viên nhờ vào những lợi thế vượt trội mà chúng tôi mang lại. Dưới đây là những lý do nổi bật giúp Topgiaovien trở thành điểm đến lý tưởng để bạn luyện thi IELTS và đạt kết quả cao nhất.</span></p><p><br></p><p><strong style=\"color: rgb(0, 0, 0);\">1. Được lựa chọn giáo viên theo mong muốn</strong></p><p><span style=\"color: rgb(0, 0, 0);\">Giáo viên tại Topgiaovien là những người có nhiều năm kinh nghiệm trong việc giảng dạy và luyện thi IELTS, không chỉ nắm vững kiến thức chuyên môn mà còn am hiểu sâu sắc về cấu trúc và yêu cầu của kỳ thi. Đặc biệt, bạn có thể lựa chọn giáo viên phù hợp với của mình. Topgiaovien cung cấp đầy đủ thông tin về bằng cấp, kinh nghiệm giảng dạy, đánh giá từ học viên của mỗi giáo viên để bạn có thể chọn lựa một cách kỹ lưỡng. Nhờ đó, bạn sẽ được học cùng người thầy lý tưởng, giúp việc học trở nên hiệu quả và thoải mái nhất.</span></p><p><br></p><p><strong style=\"color: rgb(0, 0, 0);\">2. Học kèm 1-1, 1-2, hay học nhóm</strong></p><p><span style=\"color: rgb(0, 0, 0);\">Topgiaovien mang đến cho bạn sự linh hoạt tuyệt đối trong hình thức học. Bạn có thể lựa chọn học kèm 1-1, 1-2 để có sự chú ý tối đa từ giáo viên, giúp phát triển nhanh hơn, hoặc học nhóm nhỏ (từ 5-8 người) để vừa có thể tương tác với các học viên khác vừa nhận được sự hỗ trợ sát sao từ giáo viên.</span></p><p><span style=\"color: rgb(0, 0, 0);\">Với lớp học kèm 1-1, bạn sẽ nhận được phản hồi ngay lập tức và chi tiết về từng bài tập, từng lỗi sai, giúp sửa lỗi một cách nhanh chóng và không bị mắc lại. Lớp học kèm 1-2 dành cho những bạn mong muốn có người học cùng nhưng vẫn duy trì sự cá nhân hóa trong chương trình học. Bạn có thể học cùng một người bạn hoặc người thân có cùng mục tiêu, trình độ, giúp cả hai cùng nhau tiến bộ. Trong khi đó, các lớp nhóm nhỏ giúp tạo môi trường học tập năng động, nơi bạn có thể trao đổi và học hỏi từ nhiều người, nhưng vẫn đảm bảo chất lượng giảng dạy tối ưu.</span></p><p><br></p><p><strong style=\"color: rgb(0, 0, 0);\">3. Lịch học linh hoạt kết hợp Online Và Offline</strong></p><p><span style=\"color: rgb(0, 0, 0);\">Topgiaovien cung cấp lịch học linh hoạt cả online và offline để bạn có thể lựa chọn mà không làm ảnh hưởng đến lịch trình riêng. Bạn có thể dễ dàng chọn giờ học phù hợp với thời gian biểu cá nhân, đồng thời chuyển đổi giữa hình thức học trực tiếp tại trung tâm hoặc học trực tuyến một cách dễ dàng.</span></p><p><span style=\"color: rgb(0, 0, 0);\">Điều này đặc biệt có lợi cho những ai có công việc bận rộn hoặc ở xa, giúp tiết kiệm thời gian di chuyển mà vẫn đảm bảo chất lượng học tập cao nhất. Dù bạn ở đâu, chỉ cần kết nối internet, bạn đã có thể tham gia lớp học với chất lượng tương tự như học trực tiếp.</span></p><p><br></p><p><strong style=\"color: rgb(0, 0, 0);\">4. Trang web E-learning hiện đại&nbsp;</strong></p><p><span style=\"color: rgb(0, 0, 0);\">Topgiaovien không chỉ cung cấp các lớp học chất lượng mà còn mang đến trang web E-learning với đa dạng đề thi, giúp học viên luyện thi IELTS, TOEIC mọi lúc, mọi nơi. Đây là nền tảng hỗ trợ học viên làm quen với các dạng bài thi, luyện kỹ năng và kiểm tra trình độ thông qua các bài thi thử trực tuyến. Sau mỗi bài thi thử, bạn sẽ nhận được kết quả và lời giải chi tiết của từng câu.&nbsp;</span></p><p><br></p><p><strong style=\"color: rgb(0, 0, 0);\">5. Hoàn học phí khi đạt aim</strong></p><p><span style=\"color: rgb(0, 0, 0);\">Topgiaovien không chỉ tập trung vào việc cung cấp các lộ trình học phù hợp mà còn đảm bảo rằng bạn sẽ đạt được mục tiêu điểm số IELTS mong muốn. Ngay từ buổi học đầu tiên, bạn sẽ được tư vấn rõ ràng về mục tiêu điểm số và lộ trình học tập cụ thể để đạt được mục tiêu đó.</span></p><p><span style=\"color: rgb(0, 0, 0);\">Sau khi hoàn thành khóa học và tham gia kỳ thi IELTS chính thức, nếu bạn đạt được số điểm mục tiêu đã đặt ra từ đầu, Topgiaovien sẽ hoàn lại một phần hoặc toàn bộ học phí (tùy thuộc vào chính sách cụ thể của từng khóa học). Đây là sự khích lệ của Topgiaovien để bạn nỗ lực hết mình trong quá trình học tập, đồng thời cũng là sự cam kết về chất lượng giảng dạy mà chúng tôi mang đến.</span></p><p><br></p>','post-1726566288353-303151586.jpg','2024-09-17 09:44:48.364','2024-09-17 09:44:48.364',NULL,1,'550153b8-515e-4e71-82db-3f58faf89069');
/*!40000 ALTER TABLE `post` ENABLE KEYS */;
UNLOCK TABLES;

--
-- Table structure for table `review`
--

DROP TABLE IF EXISTS `review`;
/*!40101 SET @saved_cs_client     = @@character_set_client */;
/*!50503 SET character_set_client = utf8mb4 */;
CREATE TABLE `review` (
  `id` int NOT NULL AUTO_INCREMENT,
  `image1` varchar(191) COLLATE utf8mb4_unicode_ci NOT NULL,
  `image2` varchar(191) COLLATE utf8mb4_unicode_ci NOT NULL,
  `image3` varchar(191) COLLATE utf8mb4_unicode_ci NOT NULL,
  `image4` varchar(191) COLLATE utf8mb4_unicode_ci NOT NULL,
  `student1` varchar(191) COLLATE utf8mb4_unicode_ci NOT NULL,
  `student2` varchar(191) COLLATE utf8mb4_unicode_ci NOT NULL,
  `student3` varchar(191) COLLATE utf8mb4_unicode_ci NOT NULL,
  `student4` varchar(191) COLLATE utf8mb4_unicode_ci NOT NULL,
  `student5` varchar(191) COLLATE utf8mb4_unicode_ci NOT NULL,
  PRIMARY KEY (`id`)
) ENGINE=InnoDB AUTO_INCREMENT=2 DEFAULT CHARSET=utf8mb4 COLLATE=utf8mb4_unicode_ci;
/*!40101 SET character_set_client = @saved_cs_client */;

--
-- Dumping data for table `review`
--

LOCK TABLES `review` WRITE;
/*!40000 ALTER TABLE `review` DISABLE KEYS */;
INSERT INTO `review` VALUES (1,'reviews (2).jpg','reviews (1).jpg','reviews (3).jpg','a67d2967ecd14b8f12c0.jpg','139c6d0caaba0de454ab.jpg','98646b83ac350b6b5224.jpg','450314186_510296627998130_1607084587494393215_n.jpg','448962692_503948348632958_7003002282267846287_n.jpg','454325077_527237496304043_2612364636192136533_n.jpg');
/*!40000 ALTER TABLE `review` ENABLE KEYS */;
UNLOCK TABLES;

--
-- Table structure for table `routedetail`
--

DROP TABLE IF EXISTS `routedetail`;
/*!40101 SET @saved_cs_client     = @@character_set_client */;
/*!50503 SET character_set_client = utf8mb4 */;
CREATE TABLE `routedetail` (
  `id` int NOT NULL AUTO_INCREMENT,
  `content` varchar(191) COLLATE utf8mb4_unicode_ci NOT NULL,
  `subjectOfStudy` text COLLATE utf8mb4_unicode_ci,
  `goalLearn` text COLLATE utf8mb4_unicode_ci,
  `courseId` int DEFAULT NULL,
  PRIMARY KEY (`id`),
  KEY `routeDetail_courseId_fkey` (`courseId`),
  CONSTRAINT `routeDetail_courseId_fkey` FOREIGN KEY (`courseId`) REFERENCES `course` (`id`) ON DELETE CASCADE ON UPDATE CASCADE
) ENGINE=InnoDB AUTO_INCREMENT=72 DEFAULT CHARSET=utf8mb4 COLLATE=utf8mb4_unicode_ci;
/*!40101 SET character_set_client = @saved_cs_client */;

--
-- Dumping data for table `routedetail`
--

LOCK TABLES `routedetail` WRITE;
/*!40000 ALTER TABLE `routedetail` DISABLE KEYS */;
INSERT INTO `routedetail` VALUES (1,'IELTS 3.0 - 5.0','100 buổi Đã có nền tảng tiếng Anh khá khá về từ vựng, ngữ pháp Có thường xuyên tiếp xúc với tiếng Anh trong môi trường học tập hoặc công việc ','Nghe hiểu các bài hội thoại và độc thoại với chủ đề thông dụng và một số ít chủ đề học thuật Đọc hiểu các bài đọc với chủ đề thông dụng và một số ít chủ đề học thuật Speaking part 1 trả lời chảy, part 2 nói được đến 2 phút đúng trọng tâm, part 3 trả lời được một số câu theo bố cục Có khả năng kiểm soát ngữ pháp tốt ở mức độ câu đơn và câu phức ghép với độ lỗi sai tầm 30% câu bị lỗi. Hạn chế lỗi sai chính tả (tối đa là 6 lỗi)',NULL),(2,'FOUDATION','0 - 3.0','Lộ trình 1 tháng \nFocus Grammar + vocab Basic Ielts + Listening + Speaking + Reading + Writing basic)					\n					',NULL),(3,'BASIC','3.0 - 5.5','Lộ trình 2 tháng\nTập trung chuyên sâu vào writing Viết thư và viết luận task 2, speaking học chủ điểm câu hỏi Forecast, nâng band ở speaking part 1.  Listening sẽ học để cải thiện kĩ năng, Reading đảm bảo được 18/40 câu đúng 					\n					',NULL),(4,'ADVANCE','5.5 - 6.5+','Lộ trình 2 tháng\nLớp này học theo sách chương trình của Cambridge, học giải đề cường độ cao. Lớp này đánh mạnh hai kỹ năng writing và speaking. Writting sẽ học cách build up idea sao cho mạch lac và viết luận chuyên sâu theo bố cục structure của BC. Speaking học forecast theo quý và ba kĩ năng còn lại học và luyện Bank Test					\n					',NULL),(5,'FOUNDATION 1','Những người mới bắt đầu học tiếng Anh, không có kiến thức căn bản.\nNgười bỏ học tiếng Anh quá lâu và không còn nhớ kiến thức','Nắm vững kiến thức ngữ pháp cơ bản và vận dụng vào hoàn cảnh thực tế, nhất là trong văn nói và văn viết\nNhớ và áp dụng các từ vựng cơ bản\nPhát âm chuẩn, rõ ràng, dễ nghe, tự tin giao tiếp',NULL),(7,'FOUNDATION 2','Những người có nền tảng tiếng Anh cơ bản (tương đương trình độ A1 theo khung CEFR)\nNgười bỏ học tiếng Anh lâu, nhớ được một phần kiến thức nhưng thiếu chính xác','Sử dụng ngữ pháp tốt, có thể viết đoạn văn ngắn với chủ đề thông dụng \nNghe hiểu, có thể nói và trả lời các câu hỏi theo chủ đề thông dụng\nĐọc hiểu đoạn văn ngắn\nPhát triển tư duy suy nghĩ bằng tiếng Anh',NULL),(8,'BASIC 3.0-5.0','Những người chưa tiếp xúc với IELTS hoặc đã tìm hiểu qua nhưng chưa biết cách làm kỹ năng viết\nHọc sinh – sinh viên – người đi làm đang chuẩn bị cho kỳ thi IELTS (tương đương trình độ A2 – B1 theo khung CEFR)','Mở rộng vốn từ vựng, đặc biệt là từ chuyên ngành và học thuật\nCó thể viết task 1 (tối thiểu 150 từ) và task 2 (tối thiểu 250 từ)\nNghe hiểu và nói các chủ đề thông dụng và một số chủ đề học thuật\nĐọc hiểu các bài đọc chủ đề thông dụng và một số chủ đề học thuật\nBiết cách phân loại thông tin và phát triển kỹ năng suy luận logic',NULL),(9,'ADVANCE ','Những đã tiếp xúc với IELTS, có định hướng nộp hồ sơ du học, tuyển thẳng đại học, ứng tuyển công việc\nHọc sinh – sinh viên – người đi làm đang chuẩn bị cho kỳ thi IELTS (tương đương trình độ B2 – C1 theo khung CEFR)','Nghe đúng tối thiểu 26/40 câu trong điều kiện phòng thi\nVốn từ vựng đa dạng, sử dụng cấu trúc đơn giản và phức tạp\nPhát âm khá tốt, có khả năng nói dài, không gây khó hiểu\nĐọc hiểu và đúng tối thiểu 27/40 câu trong điều kiện phòng thi\nViết bài có quan điểm, bố cục rõ ràng, liên kết, phát triển đầy đủ ý',NULL),(10,'IELdsadsa','100 buổi Đã có nền tảng tiếng Anh khá khá về từ vựng, ngữ pháp Có thường xuyên tiếp xúc với tiếng Anh trong môi trường học tập hoặc công việc ','Nghe hiểu các bài hội thoại và độc thoại với chủ đề thông dụng và một số ít chủ đề học thuật Đọc hiểu các bài đọc với chủ đề thông dụng và một số ít chủ đề học thuật Speaking part 1 trả lời chảy, part 2 nói được đến 2 phút đúng trọng tâm, part 3 trả lời được một số câu theo bố cục Có khả năng kiểm soát ngữ pháp tốt ở mức độ câu đơn và câu phức ghép với độ lỗi sai tầm 30% câu bị lỗi. Hạn chế lỗi sai chính tả (tối đa là 6 lỗi)',NULL),(11,'dsadsadsa','100 buổi Đã có nền tảng tiếng Anh khá khá về từ vựng, ngữ pháp Có thường xuyên tiếp xúc với tiếng Anh trong môi trường học tập hoặc công việc ','Nghe hiểu các bài hội thoại và độc thoại với chủ đề thông dụng và một số ít chủ đề học thuật Đọc hiểu các bài đọc với chủ đề thông dụng và một số ít chủ đề học thuật Speaking part 1 trả lời chảy, part 2 nói được đến 2 phút đúng trọng tâm, part 3 trả lời được một số câu theo bố cục Có khả năng kiểm soát ngữ pháp tốt ở mức độ câu đơn và câu phức ghép với độ lỗi sai tầm 30% câu bị lỗi. Hạn chế lỗi sai chính tả (tối đa là 6 lỗi)',NULL),(12,'dsadsadsa','100 buổi Đãsa','Nghdsaời được một số câu theo bố cục Có khả năng kiểm soát ngữ pháp tốt ở mức độ câu đơn và câu phức ghép với độ lỗi sai tầm 30% câu bị lỗi. Hạn chế lỗi sai chính tả (tối đa là 6 lỗi)',NULL),(15,'FOUNDATION 0-3.0','Lộ trình 24 buổi\nFocus Grammar + vocab Basic Ielts + Listening + Speaking + Reading + Writing basic)\n','Sử dụng ngữ pháp tốt, có thể viết đoạn văn ngắn với chủ đề thông dụng\nNghe hiểu, có thể nói và trả lời các câu hỏi theo chủ đề thông dụng\nĐọc hiểu đoạn văn ngắn\nPhát triển tư duy suy nghĩ bằng tiếng Anh',NULL),(16,'NEWBIE 3.0-5.0',' \n Lộ trình 24 buổi\nFocus làm các bài tập form nhỏ và những bài tập dạng ielts từng phần, học phương pháp kĩ năng và barem để học lên ielts sau này, học từ vựng và từ đồng nghĩa, học viết luận từng câu cũng như học speaking những topic đơn giản, Writing task 1 full 4 dạng','Mở rộng vốn từ vựng, đặc biệt là từ chuyên ngành và học thuật\nCó thể viết task 1 (tối thiểu 150 từ) và task 2 (tối thiểu 250 từ)\nNghe hiểu và nói các chủ đề thông dụng và một số chủ đề học thuật\nĐọc hiểu các bài đọc chủ đề thông dụng và một số chủ đề học thuật\nBiết cách phân loại thông tin và phát triển kỹ năng suy luận logic',NULL),(17,'IELTS 3.0 - 5.0','100 buổi Đã có nền tảng tiếng Anh khá khá về từ vựng, ngữ pháp Có thường xuyên tiếp xúc với tiếng Anh trong môi trường học tập hoặc công việc ','Nghe hiểu các bài hội thoại và độc thoại với chủ đề thông dụng và một số ít chủ đề học thuật Đọc hiểu các bài đọc với chủ đề thông dụng và một số ít chủ đề học thuật Speaking part 1 trả lời chảy, part 2 nói được đến 2 phút đúng trọng tâm, part 3 trả lời được một số câu theo bố cục Có khả năng kiểm soát ngữ pháp tốt ở mức độ câu đơn và câu phức ghép với độ lỗi sai tầm 30% câu bị lỗi. Hạn chế lỗi sai chính tả (tối đa là 6 lỗi)',NULL),(18,'IELTS 3.0 - 5.0','100 buổi Đã có nền tảng tiếng Anh khá khá về từ vựng, ngữ pháp Có thường xuyên tiếp xúc với tiếng Anh trong môi trường học tập hoặc công việc ','Nghe hiểu các bài hội thoại và độc thoại với chủ đề thông dụng và một số ít chủ đề học thuật Đọc hiểu các bài đọc với chủ đề thông dụng và một số ít chủ đề học thuật Speaking part 1 trả lời chảy, part 2 nói được đến 2 phút đúng trọng tâm, part 3 trả lời được một số câu theo bố cục Có khả năng kiểm soát ngữ pháp tốt ở mức độ câu đơn và câu phức ghép với độ lỗi sai tầm 30% câu bị lỗi. Hạn chế lỗi sai chính tả (tối đa là 6 lỗi)',NULL),(20,'GRADUATE ','Những người có đầu vào IELTS 5.5+\nĐã ôn luyện IELTS ở level thấp hơn hoặc tương đương 6.0+ nhưng thi chưa đạt kết quả','Nghe hiểu các chủ đề thông dụng và học thuật, đạt tối thiểu 30/40 câu đúng trong điều kiện phòng thi\nỨng dụng từ vựng, ngữ pháp nâng cao để trả lời câu hỏi\nĐọc hiểu các bài đọc với chủ đề thông dụng và học thuật, đạt tối thiểu 30/40 câu đúng trong điều kiện phòng thi\nSử dụng ngữ pháp cực tốt, phát triển ý có độ sâu, thuyết phục',NULL),(21,'FOUDATION 1','Những người mới bắt đầu học tiếng Anh, không có kiến thức căn bản.\nNgười bỏ học tiếng Anh quá lâu và không còn nhớ kiến thức','Nắm vững kiến thức ngữ pháp cơ bản và vận dụng vào hoàn cảnh thực tế, nhất là trong văn nói và văn viết\nNhớ và áp dụng các từ vựng cơ bản\nPhát âm chuẩn, rõ ràng, dễ nghe, tự tin giao tiếp',48),(22,'FOUNDATION 2','Những người có nền tảng tiếng Anh cơ bản (tương đương trình độ A1 theo khung CEFR)\nNgười bỏ học tiếng Anh lâu, nhớ được một phần kiến thức nhưng thiếu chính xác','Sử dụng ngữ pháp tốt, có thể viết đoạn văn ngắn với chủ đề thông dụng\nNghe hiểu, có thể nói và trả lời các câu hỏi theo chủ đề thông dụng\nĐọc hiểu đoạn văn ngắn\nPhát triển tư duy suy nghĩ bằng tiếng Anh',48),(23,'TOEIC 400-650+','Những người chưa biết gì về cấu trúc bài thi TOEIC \nTrình độ tiếng Anh cơ bản tương đương 300+ TOEIC trở lên, cần bồi đắp từ vựng, ngữ pháp','Làm quen và phát triển kỹ năng làm bài theo trọng tâm từng phần\nBổ sung từ vựng, sử dụng ngữ pháp tốt, có thể viết đoạn văn ngắn với chủ đề thông dụng \nNghe hiểu có thể nói và trả lời các câu hỏi theo chủ đề thông dụng\nĐọc hiểu đoạn văn ngắn',48),(24,'IELTS 3.0 - 5.0','100 buổi Đã có nền tảng tiếng Anh khá khá về từ vựng, ngữ pháp Có thường xuyên tiếp xúc với tiếng Anh trong môi trường học tập hoặc công việc ','Nghe hiểu các bài hội thoại và độc thoại với chủ đề thông dụng và một số ít chủ đề học thuật Đọc hiểu các bài đọc với chủ đề thông dụng và một số ít chủ đề học thuật Speaking part 1 trả lời chảy, part 2 nói được đến 2 phút đúng trọng tâm, part 3 trả lời được một số câu theo bố cục Có khả năng kiểm soát ngữ pháp tốt ở mức độ câu đơn và câu phức ghép với độ lỗi sai tầm 30% câu bị lỗi. Hạn chế lỗi sai chính tả (tối đa là 6 lỗi)',NULL),(25,'IELTS 3.0 - 5.0','100 buổi Đã có nền tảng tiếng Anh khá khá về từ vựng, ngữ pháp Có thường xuyên tiếp xúc với tiếng Anh trong môi trường học tập hoặc công việc ','Nghe hiểu các bài hội thoại và độc thoại với chủ đề thông dụng và một số ít chủ đề học thuật Đọc hiểu các bài đọc với chủ đề thông dụng và một số ít chủ đề học thuật Speaking part 1 trả lời chảy, part 2 nói được đến 2 phút đúng trọng tâm, part 3 trả lời được một số câu theo bố cục Có khả năng kiểm soát ngữ pháp tốt ở mức độ câu đơn và câu phức ghép với độ lỗi sai tầm 30% câu bị lỗi. Hạn chế lỗi sai chính tả (tối đa là 6 lỗi)',NULL),(26,'IELTS 3.0 - 5.0','100 buổi Đã có nền tảng tiếng Anh khá khá về từ vựng, ngữ pháp Có thường xuyên tiếp xúc với tiếng Anh trong môi trường học tập hoặc công việc ','Nghe hiểu các bài hội thoại và độc thoại với chủ đề thông dụng và một số ít chủ đề học thuật Đọc hiểu các bài đọc với chủ đề thông dụng và một số ít chủ đề học thuật Speaking part 1 trả lời chảy, part 2 nói được đến 2 phút đúng trọng tâm, part 3 trả lời được một số câu theo bố cục Có khả năng kiểm soát ngữ pháp tốt ở mức độ câu đơn và câu phức ghép với độ lỗi sai tầm 30% câu bị lỗi. Hạn chế lỗi sai chính tả (tối đa là 6 lỗi)',NULL),(27,'IELTS 3.0 - 5.0','100 buổi Đã có nền tảng tiếng Anh khá khá về từ vựng, ngữ pháp Có thường xuyên tiếp xúc với tiếng Anh trong môi trường học tập hoặc công việc ','Nghe hiểu các bài hội thoại và độc thoại với chủ đề thông dụng và một số ít chủ đề học thuật Đọc hiểu các bài đọc với chủ đề thông dụng và một số ít chủ đề học thuật Speaking part 1 trả lời chảy, part 2 nói được đến 2 phút đúng trọng tâm, part 3 trả lời được một số câu theo bố cục Có khả năng kiểm soát ngữ pháp tốt ở mức độ câu đơn và câu phức ghép với độ lỗi sai tầm 30% câu bị lỗi. Hạn chế lỗi sai chính tả (tối đa là 6 lỗi)',NULL),(28,'IELTS 3.0 - 5.0','100 buổi Đã có nền tảng tiếng Anh khá khá về từ vựng, ngữ pháp Có thường xuyên tiếp xúc với tiếng Anh trong môi trường học tập hoặc công việc ','Nghe hiểu các bài hội thoại và độc thoại với chủ đề thông dụng và một số ít chủ đề học thuật Đọc hiểu các bài đọc với chủ đề thông dụng và một số ít chủ đề học thuật Speaking part 1 trả lời chảy, part 2 nói được đến 2 phút đúng trọng tâm, part 3 trả lời được một số câu theo bố cục Có khả năng kiểm soát ngữ pháp tốt ở mức độ câu đơn và câu phức ghép với độ lỗi sai tầm 30% câu bị lỗi. Hạn chế lỗi sai chính tả (tối đa là 6 lỗi)',NULL),(29,'IELTS 3.0 - 5.0','100 buổi Đã có nền tảng tiếng Anh khá khá về từ vựng, ngữ pháp Có thường xuyên tiếp xúc với tiếng Anh trong môi trường học tập hoặc công việc ','Nghe hiểu các bài hội thoại và độc thoại với chủ đề thông dụng và một số ít chủ đề học thuật Đọc hiểu các bài đọc với chủ đề thông dụng và một số ít chủ đề học thuật Speaking part 1 trả lời chảy, part 2 nói được đến 2 phút đúng trọng tâm, part 3 trả lời được một số câu theo bố cục Có khả năng kiểm soát ngữ pháp tốt ở mức độ câu đơn và câu phức ghép với độ lỗi sai tầm 30% câu bị lỗi. Hạn chế lỗi sai chính tả (tối đa là 6 lỗi)',NULL),(30,'IELTS 3.0 - 5.0','100 buổi Đã có nền tảng tiếng Anh khá khá về từ vựng, ngữ pháp Có thường xuyên tiếp xúc với tiếng Anh trong môi trường học tập hoặc công việc ','Nghe hiểu các bài hội thoại và độc thoại với chủ đề thông dụng và một số ít chủ đề học thuật Đọc hiểu các bài đọc với chủ đề thông dụng và một số ít chủ đề học thuật Speaking part 1 trả lời chảy, part 2 nói được đến 2 phút đúng trọng tâm, part 3 trả lời được một số câu theo bố cục Có khả năng kiểm soát ngữ pháp tốt ở mức độ câu đơn và câu phức ghép với độ lỗi sai tầm 30% câu bị lỗi. Hạn chế lỗi sai chính tả (tối đa là 6 lỗi)',NULL),(31,'IELTS 3.0 - 5.0','100 buổi Đã có nền tảng tiếng Anh khá khá về từ vựng, ngữ pháp Có thường xuyên tiếp xúc với tiếng Anh trong môi trường học tập hoặc công việc ','Nghe hiểu các bài hội thoại và độc thoại với chủ đề thông dụng và một số ít chủ đề học thuật Đọc hiểu các bài đọc với chủ đề thông dụng và một số ít chủ đề học thuật Speaking part 1 trả lời chảy, part 2 nói được đến 2 phút đúng trọng tâm, part 3 trả lời được một số câu theo bố cục Có khả năng kiểm soát ngữ pháp tốt ở mức độ câu đơn và câu phức ghép với độ lỗi sai tầm 30% câu bị lỗi. Hạn chế lỗi sai chính tả (tối đa là 6 lỗi)',NULL),(32,'IELTS 3.0 - 5.0','100 buổi Đã có nền tảng tiếng Anh khá khá về từ vựng, ngữ pháp Có thường xuyên tiếp xúc với tiếng Anh trong môi trường học tập hoặc công việc ','Nghe hiểu các bài hội thoại và độc thoại với chủ đề thông dụng và một số ít chủ đề học thuật Đọc hiểu các bài đọc với chủ đề thông dụng và một số ít chủ đề học thuật Speaking part 1 trả lời chảy, part 2 nói được đến 2 phút đúng trọng tâm, part 3 trả lời được một số câu theo bố cục Có khả năng kiểm soát ngữ pháp tốt ở mức độ câu đơn và câu phức ghép với độ lỗi sai tầm 30% câu bị lỗi. Hạn chế lỗi sai chính tả (tối đa là 6 lỗi)',NULL),(33,'IELTS 3.0 - 5.0','100 buổi Đã có nền tảng tiếng Anh khá khá về từ vựng, ngữ pháp Có thường xuyên tiếp xúc với tiếng Anh trong môi trường học tập hoặc công việc ','Nghe hiểu các bài hội thoại và độc thoại với chủ đề thông dụng và một số ít chủ đề học thuật Đọc hiểu các bài đọc với chủ đề thông dụng và một số ít chủ đề học thuật Speaking part 1 trả lời chảy, part 2 nói được đến 2 phút đúng trọng tâm, part 3 trả lời được một số câu theo bố cục Có khả năng kiểm soát ngữ pháp tốt ở mức độ câu đơn và câu phức ghép với độ lỗi sai tầm 30% câu bị lỗi. Hạn chế lỗi sai chính tả (tối đa là 6 lỗi)',NULL),(34,'FOUNDATION 1','Những người mới bắt đầu học tiếng Anh, không có kiến thức căn bản.\nNgười bỏ học tiếng Anh quá lâu và không còn nhớ kiến thức','Nắm vững kiến thức ngữ pháp cơ bản và vận dụng vào hoàn cảnh thực tế, nhất là trong văn nói và văn viết\nNhớ và áp dụng các từ vựng cơ bản\nPhát âm chuẩn, rõ ràng, dễ nghe, tự tin giao tiếp',58),(35,'FOUNDATION 2','Những người có nền tảng tiếng Anh cơ bản (tương đương trình độ A1 theo khung CEFR)\nNgười bỏ học tiếng Anh lâu, nhớ được một phần kiến thức nhưng thiếu chính xác','Sử dụng ngữ pháp tốt, có thể viết đoạn văn ngắn với chủ đề thông dụng \nNghe hiểu, có thể nói và trả lời các câu hỏi theo chủ đề thông dụng\nĐọc hiểu đoạn văn ngắn\nPhát triển tư duy suy nghĩ bằng tiếng Anh',58),(36,'NEWBIE 3.0-5.0','Những người chưa tiếp xúc với IELTS hoặc đã tìm hiểu qua nhưng chưa biết cách làm kỹ năng viết\n Học sinh – sinh viên – người đi làm đang chuẩn bị cho kỳ thi IELTS (tương đương trình độ A2 – B1 theo khung CEFR)','Mở rộng vốn từ vựng, đặc biệt là từ chuyên ngành và học thuật\nCó thể viết Task 1 (tối thiểu 150 từ) và Task 2 (tối thiểu 250 từ) \nNghe hiểu và nói các chủ đề thông dụng và một số chủ đề học thuật\nĐọc hiểu các bài đọc chủ đề thông dụng và một số chủ đề học thuật\nBiết cách phân loại thông tin và phát triển kỹ năng suy luận logic',58),(37,'ADVANCE 5.0-6.0','Những đã tiếp xúc với IELTS, có định hướng nộp hồ sơ du học, tuyển thẳng đại học, ứng tuyển công việc\n Học sinh – sinh viên – người đi làm đang chuẩn bị cho kỳ thi IELTS (tương đương trình độ B2 – C1 theo khung CEFR)','Nghe đúng tối thiểu 26/40 câu trong điều kiện phòng thi\nVốn từ vựng đa dạng, sử dụng cấu trúc đơn giản và phức tạp\nPhát âm khá tốt, có khả năng nói dài, không gây khó hiểu\nĐọc hiểu và đúng tối thiểu 27/40 câu trong điều kiện phòng thi\nViết bài có quan điểm, bố cục rõ ràng, liên kết, phát triển đầy đủ ý ',58),(38,'GRADUATE 6.0-7.5','Những người có đầu vào IELTS 5.5+\nĐã ôn luyện IELTS ở level thấp hơn hoặc tương đương 6.0+ nhưng thi chưa đạt kết quả\n','Nghe hiểu các chủ đề thông dụng và học thuật, đạt tối thiểu 30/40 câu đúng trong điều kiện phòng thi\nỨng dụng từ vựng, ngữ pháp nâng cao để trả lời câu hỏi\nĐọc hiểu các bài đọc với chủ đề thông dụng và học thuật, đạt tối thiểu 30/40 câu đúng trong điều kiện phòng thi\nSử dụng ngữ pháp cực tốt, phát triển ý có độ sâu, thuyết phục',58),(39,'0 - HSK2','Người mới bắt đầu tìm hiểu tiếng Trung.\nNgười chưa từng học tiếng Trung.\n','Nắm nhanh & vững chắc kỹ năng căn bản: từ vựng, ngữ pháp, phát âm, viết chữ...\nXây dựng nền tảng vững vàng ngay từ đầu.\nHọc theo giáo trình được biên soạn và cập nhật mới nhất.\nNắm được 500 từ vựng.\nBiết giao tiếp ứng dụng sơ cấp.\nTrình độ HSK2.',61),(40,'HSK2-HSK3','Người đã hoàn thành xong trình độ HSK2 mọi giáo trình & muốn nâng cao trình độ lên HSK3.','Rèn luyện & nâng cao 4 kỹ năng: Nghe, Nói, Đọc, Viết. Tập trung phản xạ giao tiếp, giúp khả năng giao tiếp được linh hoạt và nâng cao hơn. \nHọc theo giáo trình biên soạn và giáo trình chuẩn HSK.\nNắm được 700 từ vựng.\nBiết giao tiếp ứng dụng sơ cấp.\nTrình độ HSK3.',61),(41,'HSK3-HSK4','Người đã hoàn thành xong trình độ HSK3 mọi giáo trình & muốn nâng cao trình độ lên HSK4.','Rèn luyện & nâng cao 4 kỹ năng chuyên sâu: Nghe, Nói, Đọc, Viết. \nCó thể thi lấy chứng chỉ HSK4 phục vụ việc xin học bổng, du học, làm việc trình độ Thạc Sỹ. \nHọc theo giáo trình chuẩn HSK. \nNắm được 1200 từ vựng. \nTrình độ HSK4.',61),(42,'HSK4-HSK5','Người đã hoàn thành xong trình độ HSK4 mọi giáo trình & muốn nâng cao trình độ lên HSK5.','Trình độ cao cấp. \nLưu loát khi sử dụng ngôn ngữ trong công việc và giao tiếp. \nCó thể thi lấy chứng chỉ HSK5 phục vụ việc xin học bổng, du học, làm việc trình độ Thạc Sỹ. \nNắm được 2500 từ vựng.\nTrình độ HSK5.',61),(43,'HSK5-HSK6','Người đã hoàn thành xong trình độ HSK5 mọi giáo trình & muốn nâng cao trình độ lên HSK6.','HSK 6 là cấp độ khó nhất trong hệ thống 6 cấp của kỳ thi năng lực Hán Ngữ. Trình độ này tương được với chuẩn đầu ra bằng Tiến sĩ của các trường Đại học ở Trung Quốc. Nếu bạn đạt cấp độ HSK 6, khả năng giao tiếp và sử dụng thuật ngữ của bạn gần như tương đương với người Trung Quốc.',61),(44,'FOUNDATION','Những người mới bắt đầu học tiếng Anh, không có kiến thức căn bản\nNhững người bỏ học tiếng Anh lâu, nhớ được 1 phần kiến thức','Lộ trình 24 buổi đạt mục tiêu tương đương trình độ A2 – B1 theo khung CEFR\nFocus Grammar + Vocab Basic IELTS + Listening + Speaking + Reading + Writing Basic\nSử dụng ngữ pháp tốt, có thể viết đoạn văn ngắn với chủ đề thông dụng\nNghe hiểu, có thể nói và trả lời các câu hỏi theo chủ đề thông dụng\nĐọc hiểu đoạn văn ngắn\nPhát triển tư duy suy nghĩ bằng tiếng Anh',59),(45,'NEWBIE 3.0 - 5.0','Những người chưa tiếp xúc với IELTS hoặc đã tìm hiểu qua nhưng chưa biết cách làm kỹ năng viết\nHọc sinh – sinh viên – người đi làm đang chuẩn bị cho kỳ thi IELTS (tương đương trình độ A2 – B1 theo khung CEFR)','Lộ trình 24 buổi focus làm các bài tập form nhỏ và những bài tập dạng IELTS từng phần, học phương pháp kĩ năng và Barem để học lên IELTS sau này, học từ vựng và từ đồng nghĩa, học viết luận từng câu cũng như học nói Speaking những Topic đơn giản, Writing Task 1 full 4 dạng		\nCó thể viết Task 1 (tối thiểu 150 từ) và Task 2 (tối thiểu 250 từ)\nNghe hiểu, đọc hiểu và nói các chủ đề thông dụng và một số chủ đề học thuật\nBiết cách phân loại thông tin và phát triển kỹ năng suy luận logic.		\n					',59),(46,'ADVANCE 5.0 - 6.0','Những đã tiếp xúc với IELTS, có định hướng nộp hồ sơ du học, tuyển thẳng đại học, ứng tuyển công việc\nHọc sinh – sinh viên – người đi làm đang chuẩn bị cho kỳ thi IELTS (tương đương trình độ B2 – C1 theo khung CEFR)','Lộ trình 24 buổi học theo sách chương trình của Cambridge, học giải đề cường độ cao. Lớp này đánh mạnh hai kỹ năng writing và speaking. Writting sẽ học cách build up idea sao cho mạch lac và viết luận chuyên sâu theo bố cục structure của BC. Speaking học forecast theo quý và ba kĩ năng còn lại học và luyện Bank Test		\nNghe đúng tối thiểu 26/40 câu trong điều kiện phòng thi\nĐọc hiểu và đúng tối thiểu 27/40 câu trong điều kiện phòng thi\nViết bài có quan điểm, bố cục rõ ràng, liên kết, phát triển đầy đủ ý.		\n					',59),(47,'GRADUATE 6.0 - 7.5','Những người có đầu vào IELTS 5.5+\nĐã ôn luyện IELTS ở level thấp hơn hoặc tương đương 6.0+ nhưng thi chưa đạt kết quả','Lộ trình 24 buổi sẽ học và trao dồi từ vựng band cao, Idioms và học toàn diện kĩ năng Writing đa khía cạnh Topics, học Brainstorm Writing Task 2 chuyên sâu và nâng cấp kĩ năng trong 2 Skills Listening + Reading 8.0+\nNghe hiểu, đọc hiểu các chủ đề thông dụng và học thuật, đạt tối thiểu 30/40 câu đúng trong điều kiện phòng thi\nỨng dụng từ vựng, ngữ pháp nâng cao để trả lời câu hỏi, phát triển ý có độ sâu.			\n			\n					',59),(48,'FOUNDATION','Những người mới bắt đầu học tiếng Anh, không có kiến thức căn bản\nNhững người bỏ học tiếng Anh lâu, nhớ được 1 phần kiến thức','Lộ trình 12 buổi\nFocus Grammar + Vocab Basic IELTS + Listening + Speaking + Reading + Writing Basic\n					',60),(49,'BASIC 3.0 - 5.5+','Những người chưa tiếp xúc với IELTS hoặc đã tìm hiểu qua nhưng chưa biết cách làm kỹ năng viết\nHọc sinh – sinh viên – người đi làm đang chuẩn bị cho kỳ thi IELTS (tương đương trình độ A2 – B1 theo khung CEFR)','Lộ trình 24 buổi, tập trung chuyên sâu vào Writing viết thư và viết luận Task 2, Speaking học chủ điểm câu hỏi Forecast, nâng Band ở Speaking Part 1.  Listening học để cải thiện kĩ năng, Reading đảm bảo được 18/40 câu đúng.			\n					',60),(50,'ADVANCE 5.5 - 6.5+','Những đã tiếp xúc với IELTS, có định hướng nộp hồ sơ du học, tuyển thẳng đại học, ứng tuyển công việc\nHọc sinh – sinh viên – người đi làm đang chuẩn bị cho kỳ thi IELTS (tương đương trình độ B2 – C1 theo khung CEFR)','Lộ trình 24 buổi học theo sách chương trình của Cambridge, học giải đề cường độ cao. Lớp này đánh mạnh hai kỹ năng Writing và Speaking. Writting sẽ học cách build up idea sao cho mạch lạc và viết luận chuyên sâu theo bố cục structure của BC. Speaking học Forecast theo quý và ba kĩ năng còn lại học và luyện Bank Test.					\n					',60),(52,'GIAO TIẾP SƠ CẤP','Những người mới bắt đầu học tiếng Anh, không có kiến thức căn bản.\nNgười bỏ học tiếng Anh quá lâu và không còn nhớ kiến thức','Nắm vững kiến thức ngữ pháp cơ bản và vận dụng vào hoàn cảnh thực tế,\nNhớ và áp dụng các từ vựng cơ bản\nPhát âm chuẩn, rõ ràng, dễ nghe, tự tin giao tiếp',53),(53,'GIAO TIẾP TRUNG CẤP','Những người có nền tảng tiếng Anh cơ bản (tương đương trình đọ A1 theo khung CEFR) \nGặp khó khăn, phản xạ kém khi giao tiếp bằng tiếng Anh','Có thể giao tiếp bằng tiếng Anh\nCải thiện phát âm, kỹ năng nói\nPhản xạ tốt khi giao tiếp',53),(54,'GIAO TIẾP TĂNG CƯỜNG','Cho người có nền tảng tiếng Anh ổn \nCó thể giao tiếp bằng tiếng Anh nhưng chưa lưu loát, thiếu tự nhiên.','Phát âm chuẩn\nGiao tiếp lưu loát tự nhiên, có ngữ điệu, nhấn nhá\nTư duy tiếng Anh linh hoạt, phản xạ nhanh',53),(55,'GIAO TIẾP SƠ CẤP','Những người mới bắt đầu học tiếng Anh, không có kiến thức căn bản.\nNgười bỏ học tiếng Anh quá lâu và không còn nhớ kiến thức','Có lộ trình riêng cá nhân hóa riêng biệt và chủ động được thời gian\nDạy theo giáo trình bài bản dựa trên chương trình chuẩn của Cambridge và cam kết chỉ cần học 2-3 khoá sẽ giao tiếp nhanh nhạy, phản xạ bén, có vốn từ vựng dư dả\nPhát âm chuẩn, rõ ràng, dễ nghe, tự tin giao tiếp',55),(56,'GIAO TIẾP TRUNG CẤP','Những người có nền tảng tiếng Anh cơ bản (tương đương trình đọ A1 theo khung CEFR)\nGặp khó khăn, phản xạ kém khi giao tiếp bằng tiếng Anh','Có lộ trình riêng cá nhân hóa riêng biệt và chủ động được thời gian\nDạy theo giáo trình bài bản dựa trên chương trình chuẩn của Cambridge và cam kết chỉ cần học 2-3 khoá sẽ giao tiếp nhanh nhạy, phản xạ bén, có vốn từ vựng phong phú \nPhản xạ tốt khi giao tiếp',55),(57,'GIAO TIẾP TĂNG CƯỜNG','Cho người có nền tảng tiếng Anh ổn\nCó thể giao tiếp bằng tiếng Anh nhưng chưa lưu loát, thiếu tự nhiên.','Có lộ trình riêng cá nhân hóa riêng biệt và chủ động được thời gian\nDạy theo giáo trình bài bản dựa trên chương trình chuẩn của Cambridge và cam kết chỉ cần học 2-3 khoá sẽ giao tiếp nhanh nhạy, phản xạ bén, có vốn từ vựng phong phú \nTư duy tiếng Anh linh hoạt, phản xạ nhanh',55),(58,'0 - HSK2','Người mới bắt đầu tìm hiểu tiếng Trung và có nhu cầu riêng về thời gian và chủ đề, lĩnh vực quan tâm.\n','Nắm nhanh & vững chắc kỹ năng căn bản: từ vựng, ngữ pháp, phát âm, viết chữ...\nXây dựng nền tảng vững vàng ngay từ đầu.\nHọc theo giáo trình được biên soạn và cập nhật mới nhất.\nNắm được 500 từ vựng.\nBiết giao tiếp ứng dụng sơ cấp.\nTrình độ HSK2.',62),(59,'TOEIC 600-800+','Trình độ tiếng Anh cơ bản tương đương 500+ TOEIC trở lên, cần nâng cao từ vựng\nThường xuyên mắc bẫy khi làm đề hoặc mắc 1 bẫy lặp đi lặp lại','Nắm được kỹ năng làm bài và mẹo để chinh phục điểm cao\nBổ sung từ vựng, ngữ pháp nâng cao, phát triển ý có độ sâu, thuyết phục\nNghe hiểu thông qua các đoạn hội thoại, thông báo có độ dài và độ phức tạp tăng dần\nPhát âm, ngữ điệu tốt, tự tin khi giao tiếp\nNắm được phương pháp đọc hiểu cũng như các kỹ năng làm bài cần thiết',48),(60,'HSK2 - HSK3','Người đã có trình độ HSK2 và có nhu cầu riêng về thời gian và chủ đề, lĩnh vực quan tâm.\n','Rèn luyện & nâng cao 4 kỹ năng: Nghe, Nói, Đọc, Viết. Tập trung phản xạ giao tiếp, giúp khả năng giao tiếp được linh hoạt và nâng cao hơn.\nHọc theo giáo trình biên soạn và giáo trình chuẩn HSK.\nNắm được 700 từ vựng.\nBiết giao tiếp ứng dụng sơ cấp.\nTrình độ HSK3.',62),(61,'HSK3 - HSK4','Người đã có trình độ HSK3 và có nhu cầu riêng về thời gian và chủ đề, lĩnh vực quan tâm.\n','Rèn luyện & nâng cao 4 kỹ năng chuyên sâu: Nghe, Nói, Đọc, Viết.\nCó thể thi lấy chứng chỉ HSK4 phục vụ việc xin học bổng, du học, làm việc trình độ Thạc sĩ.\nHọc theo giáo trình chuẩn HSK.\nNắm được 1200 từ vựng.\nTrình độ HSK4.',62),(62,'HSK4 - HSK5','Người đã có trình độ HSK4 và có nhu cầu riêng về thời gian và chủ đề, lĩnh vực quan tâm.\n','Trình độ cao cấp.\nLưu loát khi sử dụng ngôn ngữ trong công việc và giao tiếp.\nCó thể thi lấy chứng chỉ HSK5 phục vụ việc xin học bổng, du học, làm việc trình độ Thạc sĩ.\nNắm được 2500 từ vựng.\nTrình độ HSK5.\n',62),(63,'FOUNDATION','Những người mới bắt đầu học tiếng Anh, không có kiến thức căn bản.\nNgười bỏ học tiếng Anh quá lâu và không còn nhớ kiến thức','Lộ trình 36 buổi focus Grammar + vocab Basic TOEIC + Listening + Speaking chủ điểm giao tiếp 100% bằng tiếng anh  + Reading			\nSử dụng ngữ pháp tốt, có thể viết đoạn văn ngắn với chủ đề thông dụng\nNghe hiểu, có thể nói và trả lời các câu hỏi theo chủ đề thông dụng\nĐọc hiểu đoạn văn ngắn\nPhát triển tư duy suy nghĩ bằng tiếng Anh		\n					',50),(64,'TOEIC 400 - 650+','Những người chưa biết gì về cấu trúc bài thi TOEIC \nTrình độ tiếng Anh cơ bản tương đương 300+ TOEIC trở lên, cần bồi đắp từ vựng, ngữ pháp','Tăng tốc luyện tập với format theo từng Part của bài thi \nGiải thích đáp án chi tiết cho từng câu hỏi, giúp thí sinh luyện đề hiệu quả\nCung cấp hơn 300 từ vựng hay gặp nhất theo từng Part phù hợp với trình độ\nĐánh giá được năng lực và mức điểm dự kiến thông qua các bài kiểm tra sử dụng học liệu chính thống từ ETS, từ đó lên kế hoạch lấp đầy \"lỗ hổng\" kiến thức',50),(65,'TOEIC 600 - 800+','Trình độ tiếng Anh cơ bản tương đương 500+ TOEIC trở lên, cần nâng cao từ vựng\nThường xuyên mắc bẫy khi làm đề hoặc mắc 1 bẫy lặp đi lặp lại','Luyện đề thi thử độc quyền từ ETS, độ khó tương đương thi thật\nLàm quen với giọng đọc, tốc độ đọc y hệt bài thi thật\nBổ sung từ vựng, ngữ pháp nâng cao, phát triển ý có độ sâu, thuyết phục\nDự đoán gần chính xác mức điểm của thí sinh\nRèn luyện áp lực phòng thi, vững tâm lí trước khi thi chính thức',50),(66,'HSK5 - HSK6','Người đã có trình độ HSK5 và có nhu cầu riêng về thời gian và chủ đề, lĩnh vực quan tâm.\n','HSK 6 là cấp độ khó nhất trong hệ thống 6 cấp của kỳ thi năng lực Hán Ngữ. Trình độ này tương được với chuẩn đầu ra bằng Tiến sĩ của các trường Đại học ở Trung Quốc. Nếu bạn đạt cấp độ HSK 6, khả năng giao tiếp và sử dụng thuật ngữ của bạn gần như tương đương với người Trung Quốc.',62),(67,'0 - HSK2','Người muốn lấy chứng chỉ HSK2 phục vụ cho nhu cầu học tập, công việc & đời sống.','',63),(68,'HSK3','Người muốn lấy chứng chỉ HSK3 phục vụ cho nhu cầu học tập, công việc & đời sống.','',63),(69,'HSK4','Người muốn lấy chứng chỉ HSK4 phục vụ cho nhu cầu học tập, công việc & đời sống.','',63),(70,'HSK5','Người muốn lấy chứng chỉ HSK5 phục vụ cho nhu cầu học tập, công việc & đời sống.','',63),(71,'HSK6','Người muốn lấy chứng chỉ HSK6 phục vụ cho nhu cầu học tập, công việc & đời sống.','',63);
/*!40000 ALTER TABLE `routedetail` ENABLE KEYS */;
UNLOCK TABLES;

--
-- Table structure for table `share`
--

DROP TABLE IF EXISTS `share`;
/*!40101 SET @saved_cs_client     = @@character_set_client */;
/*!50503 SET character_set_client = utf8mb4 */;
CREATE TABLE `share` (
  `id` int NOT NULL AUTO_INCREMENT,
  `content` varchar(1000) COLLATE utf8mb4_unicode_ci NOT NULL,
  `icon` varchar(191) COLLATE utf8mb4_unicode_ci DEFAULT NULL,
  `fullName` varchar(191) COLLATE utf8mb4_unicode_ci DEFAULT NULL,
  `image` varchar(191) COLLATE utf8mb4_unicode_ci DEFAULT NULL,
  `link` varchar(191) COLLATE utf8mb4_unicode_ci DEFAULT NULL,
  `active` tinyint(1) NOT NULL DEFAULT '0',
  `createdAt` datetime(3) NOT NULL DEFAULT CURRENT_TIMESTAMP(3),
  `updatedAt` datetime(3) NOT NULL,
  `teacherId` varchar(8) COLLATE utf8mb4_unicode_ci DEFAULT NULL,
  PRIMARY KEY (`id`),
  KEY `share_teacherId_fkey` (`teacherId`),
  CONSTRAINT `share_teacherId_fkey` FOREIGN KEY (`teacherId`) REFERENCES `teacher` (`id`) ON DELETE CASCADE ON UPDATE CASCADE
) ENGINE=InnoDB AUTO_INCREMENT=23 DEFAULT CHARSET=utf8mb4 COLLATE=utf8mb4_unicode_ci;
/*!40101 SET character_set_client = @saved_cs_client */;

--
-- Dumping data for table `share`
--

LOCK TABLES `share` WRITE;
/*!40000 ALTER TABLE `share` DISABLE KEYS */;
INSERT INTO `share` VALUES (1,'Hi everyone, mình là Tâm . Mình đã tốt nghiệp Đại học và hiện đang đi làm. Vừa qua, mình đã hoàn thành khóa học 50 buổi tại trung tâm IELTS Topgiaovien và đạt được kết quả Overall 7.0. Đây là thành quả mà mình rất tự hào. Khi quyết định học IELTS, mình muốn nâng cao khả năng tiếng Anh để hỗ trợ cho công việc hiện tại và các mục tiêu trong tương lai. Mình đã tìm hiểu rất kỹ trước khi chọn Topgiaovien, và điều mình hài lòng nhất là sự chuyên nghiệp và tận tâm của đội ngũ giáo viên, đặc biệt là cô Uyên.','imageUser-1724640568619-981556198.jpg','Tam Nguyen','share-1724640568614-849731064.jpg','https://www.facebook.com/share/p/CVDhWQARsNzieLLn/',1,'2024-08-26 02:49:28.633','2024-08-26 02:49:28.633',NULL),(2,'\"Trải qua những buổi học với cô Uyên tại Topgiaovien, mình không chỉ nắm vững cách làm bài thi IELTS mà còn nhận được sự động viên tinh thần lớn lao. Cô Uyên luôn biết cách tạo ra môi trường học tập vừa nghiêm túc vừa thoải mái, giúp mình tự tin hơn trong việc sử dụng tiếng Anh. Những lời khuyên quý giá từ cô không chỉ giúp mình cải thiện kỹ năng Speaking mà còn nâng cao khả năng phản xạ ngôn ngữ. Nhờ sự hướng dẫn tận tình của cô, mình đã vượt qua kỳ thi với điểm Speaking 7.0, một kết quả mà trước đây mình chưa bao giờ dám mơ tới.\"','imageUser-1724640775190-963437691.jpg','Nguyễn Thị Hoa','share-1724640775187-75921797.jpg','https://www.facebook.com/share/p/dnxk4AniMUQkTAhV/',1,'2024-08-26 02:52:55.195','2024-08-26 02:52:55.195',NULL),(3,'Mình là Trúc Anh, sinh viên năm cuối đang chuẩn bị ra trường nên cần bằng IELTS để xét tốt nghiệp. Lúc trước bạn mình có học ở đây và khen nhiều nên mình quyết định học thử. Ở Topgiaovien mình có thể lựa chọn giáo viên mình thích và phù hợp với bản thân để theo học. Học phí cũng phải chăng, phù hợp với điều kiện của mình. Và mình vô cùng hài lòng khi quyết định theo học tại đây. Giáo viên ở đây rất nhiệt tình, lúc nào cũng quan tâm hỏi han xem mình có hiểu bài không, nếu không hiểu thì mình sẽ được giảng lại luôn, bài làm của mình đều được giáo viên chấm và sửa rất chi tiết. Nhờ vậy mà sau thời gian học ở Topgiaovien, dù một đứa học chậm như mình cũng tiến bộ rất nhanh. Mình thật sự biết ơn Topgiaovien vì đã luôn hỗ trợ mình từ lúc bắt đầu học cho đến tận lúc thi và mình đã đạt được kết quả ngoài mong đợi. ??','imageUser-1724640899404-701200550.jpg','Hồng Ngọc','share-1724640899404-806021234.jpg','https://www.facebook.com/share/p/yy2ndBsWJ3tUHpa9/',1,'2024-08-26 02:54:59.410','2024-08-26 02:54:59.410',NULL),(4,'Hello mọi người, mình là Tường San hiện đang là sinh viên năm 3 và vừa hoàn thành đợt thi IELTS vào tháng 7 vừa rồi và đạt được 5.5 ?. Mình rất vui khi quyết định chọn Topgiaovien để học IELTS. Trước khi đến đây, mình đã thử qua vài trung tâm nhưng không cảm thấy hài lòng cho lắm. Thật may mắn khi một người bạn giới thiệu mình đến Topgiaovien và mình đăng ký học tại chi nhánh Bình Thạnh, gần nơi mình sống. Khi mới bắt đầu, điểm đầu vào của mình chỉ là 4.0. Thầy cô ở đây cực kỳ nhiệt tình và dễ mến?. ','imageUser-1724640964403-57221792.jpg','San Tuong','share-1724640964402-564853302.jpg','https://www.facebook.com/share/p/cU83ibnwXxy213SN/',1,'2024-08-26 02:56:04.406','2024-08-26 02:56:04.406',NULL),(5,'\"Chào mọi người, mình là Thuỳ Dương! Mới thi IELTS xong và đạt điểm 7.5, cảm ơn thầy Tâm và cô Hà Phương ở Topgiaovien cực kỳ nhiều! \r\nThầy Tâm đã giúp mình “hack” kỹ năng Writing với các phương pháp siêu hiệu quả, còn cô Hà Phương thì dạy mình tất cả các kỹ năng còn lại. Nhờ sự hỗ trợ của các thầy cô, mình đã biết cách hệ thống hóa kiến thức, nắm rõ format và tiêu chí bài thi, và phát triển đồng bộ các kỹ năng.','imageUser-1724641071602-287993526.jpg','Nguyễn Dương','share-1724641071601-545914899.jpg','https://www.facebook.com/share/p/YqT82m2JjCQByCWN/',1,'2024-08-26 02:57:51.608','2024-08-26 02:57:51.608',NULL),(6,'Mình là Nguyên - học viên lớp giao tiếp Advance của Topgiaovien\r\nXuất phát điểm của mình là từ mất gốc đi lên, mình không còn nhớ gì về cách phát âm kể cả những từ đơn giản nhất. Trong lúc gần như tuyệt vọng vì phỏng vấn nhiều nơi đều rớt với lí do là trình độ giao tiếp tiếng Anh không tốt thì rất may mình đã được chị gái giới thiệu cho lớp học giao tiếp bên Topgiaovien','imageUser-1724641233010-757982189.jpg','Nguyen Van','share-1724641233005-997426538.jpg','https://www.facebook.com/share/p/3HkCEKEd8ynqgnx4/',1,'2024-08-26 03:00:33.016','2024-08-26 03:00:33.016',NULL),(7,'Hi everyone, mình là Tâm . Mình đã tốt nghiệp Đại học và hiện đang đi làm. Vừa qua, mình đã hoàn thành khóa học 50 buổi tại trung tâm IELTS Topgiaovien và đạt được kết quả Overall 7.0. Đây là thành quả mà mình rất tự hào. Khi quyết định học IELTS, mình muốn nâng cao khả năng tiếng Anh để hỗ trợ cho công việc hiện tại và các mục tiêu trong tương lai. Mình đã tìm hiểu rất kỹ trước khi chọn Topgiaovien, và điều mình hài lòng nhất là sự chuyên nghiệp và tận tâm của đội ngũ giáo viên, đặc biệt là cô Uyên.\r\nẤn tượng đầu tiên của mình khi đến trung tâm là sự chào đón nhiệt tình của các bạn nhân viên. Mình đã tham gia buổi test đầu vào miễn phí và được tư vấn kỹ càng về khóa học phù hợp với mình. Cô Uyên không chỉ là một giáo viên giỏi chuyên môn mà còn rất tâm huyết với học viên. Cô luôn lắng nghe và hiểu rõ những khó khăn của từng bạn trong lớp, giúp mình vượt qua từng rào cản nhỏ để cải thiện các kỹ năng một cách toàn diện.','imageUser-1726556506853-226197607.jpg','Tam Nguyen','share-1726556506810-410911555.jpg','https://www.facebook.com/share/p/B4JS3NdNYiXqhi4t/',1,'2024-09-17 07:01:46.880','2024-09-17 07:01:46.880','c1f5578'),(8,'\"Chào mọi người, mình là Quang Hiển, đang làm ở HD Bank. Mình mới nhận được kết quả thi IELTS với số điểm 7.0, và thật sự không thể không chia sẻ niềm vui này với mọi người. Mình rất may mắn khi có cô Nhung tại Topgiaovien là người hướng dẫn. Cô đã giúp mình “gỡ rối” những phần khó nhằn trong kỹ năng Writing và Speaking, giúp mình hiểu rõ cách triển khai ý tưởng và sử dụng từ vựng một cách hiệu quả. Cô cũng luôn chia sẻ những mẹo nhỏ nhưng rất đắt giá, giúp mình tự tin hơn khi bước vào phòng thi. Mình cảm thấy học với cô Nhung không chỉ là về kiến thức mà còn là sự hỗ trợ tinh thần vô cùng lớn. Cảm ơn cô và Topgiaovien đã giúp mình đạt được kết quả ngoài mong đợi này!\"','imageUser-1726556847304-449947084.jpg','Romeo Chen ','share-1726556847297-997544609.jpg','https://www.facebook.com/share/p/meisYX7hnhYxtH6T/',1,'2024-09-17 07:07:27.333','2024-09-17 07:07:27.333','ef40688'),(9,'Xin chào mọi người, mình là Hoàng Diệu, hiện đang làm việc ở bộ phận quản lý rủi ro của Techcombank. Mình vừa nhận kết quả thi IELTS và không thể tin nổi là mình đã đạt được 7.5! Thật sự, mình phải gửi lời cảm ơn chân thành đến cô Khanh ở Topgiaovien. Nhờ cô mà mình đã vượt qua những trở ngại lớn trong việc luyện tập Speaking. Cô không chỉ là người hướng dẫn mà còn là nguồn động viên cực lớn đối với mình. Những buổi học với cô lúc nào cũng vui vẻ, dễ hiểu và thực sự bổ ích. Mình đã học được cách làm chủ phần thi Speaking và nâng cao cả các kỹ năng khác một cách toàn diện. Mình thực sự biết ơn cô Khanh và Topgiaovien đã đồng hành cùng mình trên chặng đường này!\r\n','imageUser-1726557079083-870519317.jpg','Hoang Dieu','share-1726557079046-876778891.jpg','https://www.facebook.com/share/p/MJLQjNLjKnfBKgA9/',1,'2024-09-17 07:11:19.113','2024-09-17 07:11:19.113','56406fe'),(10,'Hey guys , mình là Quỳnh Như , làm việc tại Nam Á Bank nè. Vừa nhận kết quả TOEIC và ... surprise , surprise , 850 điểm rồi nha ! Mình phải cảm ơn cô Giáng Ngọc ở Topgiaovien nhiều lắm luôn. Cô Ngọc dạy mình từ những cái cơ bản đến những chiến thuật \"hack\" điểm, nhờ vậy mà mình tự tin lên rõ rệt khi làm bài. Không chỉ học để thi , mà còn học để dùng , nghe hay đọc cái gì cũng không thấy sợ nữa. Thật sự biết ơn cô và Topgiaovien đã giúp mình đạt được điều này !','imageUser-1726557814700-418511981.jpg','Nhu Nguyen','share-1726557814698-277035888.jpg','https://www.facebook.com/share/p/Y2enNfZ2xuAEUzDf/',1,'2024-09-17 07:23:34.725','2024-09-17 07:23:34.725','9e41ab8'),(11,'\"Học với cô Uyên ở Topgiaovien là trải nghiệm siêu đỉnh luôn! Cô không chỉ dạy cực kỳ dễ hiểu mà còn mang đến một bầu không khí cực kỳ thoải mái và vui vẻ, làm mình cảm thấy tự tin hơn rất nhiều khi giao tiếp bằng tiếng Anh. Mỗi buổi học là một cơ hội để thực hành thoải mái và học hỏi những mẹo hay ho, giúp mình ngày càng làm chủ ngôn ngữ. Cô Uyên còn rất tâm lý, luôn biết cách khuyến khích mình tham gia vào các cuộc thảo luận, giúp mình vượt qua nỗi sợ nói trước đám đông. Sau thời gian học cùng cô, mình thấy rõ sự tiến bộ trong kỹ năng Speaking và bất ngờ với việc đạt band 7.0 trong kỳ thi IELTS. Cảm ơn cô Uyên rất nhiều vì một hành trình học tập thật sự ấn tượng!\"','imageUser-1726557976630-936707602.jpg','Nguyễn Khanh','share-1726557976627-395733509.jpg','https://www.facebook.com/share/p/YpAemdUcifnqTupJ/',1,'2024-09-17 07:26:16.648','2024-09-17 07:26:16.648','c1f5578'),(13,'Học với cô Hà Phương tại trung tâm Topgiaovien là một trải nghiệm đáng nhớ. Cô không chỉ dạy mình cách làm bài hiệu quả mà còn giúp mình tăng cường sự tự tin khi nói tiếng Anh. Mỗi buổi học với cô đều rất vui vẻ và đầy cảm hứng. Nhờ sự tận tâm của cô mà mình đã đạt được điểm Speaking 7.0 trong kỳ thi IELTS. Cảm ơn cô Phương rất nhiều!!!\r\n','imageUser-1726558380404-393950619.jpg','Lily Nguyen','share-1726558380402-936459046.jpg','https://www.facebook.com/share/p/fhDW8aPbPRw4YCcT/',1,'2024-09-17 07:33:00.422','2024-09-17 07:33:00.422','4a815d1'),(14,'Mình thật sự biết ơn thời gian học tại Topgiaovien. Nhờ sự hướng dẫn nhiệt tình của thầy Tâm, mình đã cải thiện đáng kể kỹ năng Writing. Thầy luôn kiên nhẫn chỉ ra những lỗi nhỏ và giúp mình hiểu rõ cách cấu trúc bài viết. Nhờ thầy mà mình đã đạt được Overall 7.5 trong kỳ thi IELTS vừa qua. Cảm ơn thầy Tâm rất nhiều!! <3 <3 \r\n','imageUser-1726558595530-994068193.jpg','Anh Huy ','share-1726558595520-558946728.jpg','https://www.facebook.com/share/p/21ve4eQXKY3UpePQ/',1,'2024-09-17 07:36:35.544','2024-09-17 07:36:35.544','a56c0d1'),(15,'Trải qua những buổi học với cô Hằng tại Topgiaovien, mình không chỉ nắm vững cách làm bài thi IELTS mà còn nhận được sự động viên tinh thần lớn lao. Cô Hằng luôn biết cách tạo ra môi trường học tập vừa nghiêm túc vừa thoải mái, giúp mình tự tin hơn trong việc sử dụng tiếng Anh. Những lời khuyên quý giá từ cô không chỉ giúp mình cải thiện kỹ năng Speaking mà còn nâng cao khả năng phản xạ ngôn ngữ. Nhờ sự hướng dẫn tận tình của cô, mình đã vượt qua kỳ thi với điểm Speaking 7.0, một kết quả mà trước đây mình chưa bao giờ dám mơ tới. Tks cô Hằng so muchhh','imageUser-1726558990638-667024153.jpg','Nguyễn Thị Hoa','share-1726558990636-549737575.jpg','https://www.facebook.com/share/p/NBouSRYFAEbwrXEg/',1,'2024-09-17 07:43:10.651','2024-09-17 07:43:10.651','7d29e21'),(16,'Xin chào, mình là Kim Hòa. Mình tính học nâng cao giao tiếp hơn để phục vụ cho công việc của mình, nhưng cũng có cái duyên nên mình đã học luôn IELTS  để hoàn thành 4 kĩ năng và cũng có cái bằng tốt nữa, và may mắn mình đã hoàn thành khóa học IELTS tại trung tâm Topgiaovien với Overall 7.0. Mình muốn chia sẻ về trải nghiệm học tập với cô Nhung - người đã đồng hành và giúp mình tiến bộ qua từng buổi học xuyên suốt 6 tháng. Cô Nhung rất tận tâm, luôn chú ý đến từng chi tiết nhỏ trong quá trình học của học viên. Cô không chỉ dạy mình cách làm bài hiệu quả mà còn giúp mình cải thiện kỹ năng Speaking thông qua các buổi thảo luận và feedback cụ thể. Với mình, cô Nhung là một người giáo viên đáng tin cậy, và mình rất may mắn khi được học với cô, cám ơn cô Nhung và Topgiaovien nhiều hihi','imageUser-1726559145987-79532183.jpg','Nguyễn Kim Hòa ','share-1726559145986-952932934.jpg','https://www.facebook.com/permalink.php?story_fbid=pfbid0U4Lg2rn192putiNv76cjatT5wZn8xM7umWz4Yxx9ZeQpmz4jd52fPThwTSyS2aaKl&id=100081178368169',1,'2024-09-17 07:45:46.004','2024-09-17 07:45:46.004','ef40688'),(17,'Mình là Hậu, sinh viên năm 1 và đang ôn thi IELTS. Mình đã chọn IELTS Topgiaovien để theo học vì được bạn bè giới thiệu. Điều ấn tượng nhất đối với mình là cô Hà Phương, giáo viên của lớp. Cô rất nhiệt tình và luôn theo sát từng bước tiến bộ của học viên. Mỗi bài học đều có phần thực hành và được cô chỉnh sửa, giúp mình hiểu rõ hơn về điểm mạnh và yếu của mình. Kỹ năng Nói của mình đã tiến bộ đáng kể nhờ những gợi ý và phản hồi cụ thể từ cô. Mình rất hài lòng với trải nghiệm học tại đây và chắc chắn sẽ giới thiệu cho các bạn khác\r\n','imageUser-1726559467321-19624582.jpg','Hau Nguyen ','share-1726559467318-58290481.jpg','https://www.facebook.com/share/p/CwvJtA4dxCpU1MLQ/',1,'2024-09-17 07:51:07.336','2024-09-17 07:51:07.336','4a815d1'),(18,'Mình là Nguyên - học viên lớp giao tiếp Advance của Topgiaovien\r\nSau hơn 6 tháng đồng hành cùng Topgiaovien, ngoài việc có được việc làm như ý thì mình còn có thêm rất nhiều người bạn mới. Mình tự tin rằng mình phát âm đúng và có đủ lượng từ vựng để giao tiếp cơ bản trong công việc, cuộc sống hằng ngày.\r\nSau khoá giao tiếp Advance thì mình sẽ tiếp tục thử sức với lớp IELTS tại Topgiaovien luôn. Việc học ngoại ngữ khi nắm được cách học phù hợp rồi thì các bạn sẽ như bị nghiền vậy đó, muốn học hoài hoài luôn.','imageUser-1726559701824-404477216.jpg','Nguyen Van ','share-1726559701822-204853671.jpg','https://www.facebook.com/share/p/8kFWvHJ7jEF1ccDC/',1,'2024-09-17 07:55:01.842','2024-09-17 07:55:01.842','56406fe'),(19,'Xin chào, mình là Nam, hiện là sinh viên năm 4. Mình cần chứng chỉ IELTS để tốt nghiệp nên đã đăng ký học tại IELTS Topgiaovien. Mình học với thầy Lam và thật sự rất ấn tượng với phương pháp giảng dạy của thầy. Thầy rất kiên nhẫn và luôn cố gắng giúp đỡ từng học viên một cách tốt nhất. Kỹ năng Viết của mình đã được cải thiện rõ rệt nhờ những bài tập và sự hỗ trợ từ thầy. Sau 5 tháng học, mình đã sẵn sàng cho kỳ thi thật. Mình rất khuyến khích các bạn chọn IELTS Topgiaovien nếu đang cần ôn luyện IELTS.','imageUser-1726559987073-997969819.jpg','Đức Nam ','share-1726559986964-15234627.jpg','https://www.facebook.com/permalink.php?story_fbid=pfbid04TPg1ep9s8hWUopVwos4676Tc81AJxJVeZkyff6mAWWgKRe2ZddWrnaFpExX2sYxl&id=61559649336194',1,'2024-09-17 07:59:47.090','2024-09-17 07:59:47.090','04cd771'),(20,'Mình là Hồng Ngọc, sinh viên năm cuối đang chuẩn bị ra trường nên cần bằng IELTS để xét tốt nghiệp. Lúc trước bạn mình có học ở đây và khen nhiều nên mình quyết định học thử. Mình học cô Vy, ở Topgiaovien mình có thể lựa chọn giáo viên mình thích và phù hợp với bản thân để theo học. Học phí cũng phải chăng, phù hợp với điều kiện của mình. Và mình vô cùng hài lòng khi quyết định theo học tại đây. Cô Vy rất nhiệt tình, lúc nào cũng quan tâm hỏi han xem mình có hiểu bài không, nếu không hiểu thì mình sẽ được giảng lại luôn, bài làm của mình đều được giáo viên chấm và sửa rất chi tiết. Nhờ vậy mà sau thời gian học ở Topgiaovien, dù một đứa học chậm như mình cũng tiến bộ rất nhanh. Mình thật sự biết ơn Topgiaovien vì đã luôn hỗ trợ mình từ lúc bắt đầu học cho đến tận lúc thi và mình đã đạt được kết quả ngoài mong đợi. ??','imageUser-1726560193620-608025254.jpg','Hồng Ngọc ','share-1726560193616-517404664.jpg','https://www.facebook.com/share/p/g577JUCkmNRbTMKY/',1,'2024-09-17 08:03:13.633','2024-09-17 08:03:13.633','41d7a88'),(21,'Hello mọi người, mình là Tường San hiện đang là sinh viên năm 3. Mình rất vui khi quyết định chọn Topgiaovien để học HSK. Trước khi đến đây, mình đã thử qua vài trung tâm nhưng không cảm thấy hài lòng cho lắm. Thật may mắn khi một người bạn giới thiệu mình đến Topgiaovien và mình đăng ký học tại chi nhánh Bình Thạnh, gần nơi mình sống. Cô Mai có cách giảng dạy rất gần gũi và dễ hiểu, nên mình cảm thấy thoải mái ngay từ buổi học đầu tiên. Không khí lớp học trở nên vui vẻ và thoải mái, giúp việc học tập trở nên hiệu quả hơn. Nếu mấy bạn đang tìm một trung tâm dạy tiếng Trung uy tín và chất lượng, hãy chọn Topgiaovien nhen! Highly recommend mọi người đến Topgiaovien! \r\n','imageUser-1726560441975-422840427.jpg','San Tuong ','share-1726560441959-211476426.jpg','https://www.facebook.com/share/p/knLKmbDhMqQ8Vfz9/',1,'2024-09-17 08:07:21.998','2024-09-17 08:07:21.998','9a3f8fe'),(22,'Xin chào mọi người mình tên là Nhiên hiện đang là sinh viên năm 3 nên cần bằng HSK để ra trường. Thông qua bạn bè thì mình biết đến Topgiaovien có rất nhiều giảng viên để mình lựa chọn, mình có thể lựa chọn giảng viên yêu thích và học phí cũng vô cùng là hợp túi tiền, và mình đã quyết định học ở đây. Mình cảm thấy quá trình học tại Topgiaovien vô cùng thoải mái khiến cho mình trở nên siêng năng và lên band điểm rất nhanh so với dự định của mình. Mỗi bài giảng trên lớp đều chỉnh chu và dễ hiểu, mình từng là một đứa lười học và học tiếng anh không tốt lắm, tuy nhiên, sau vài tháng học tại Topgiaovien nhờ sự take care tận tình từ giáo viên, sửa bài chấm bài chi tiết mà mình đã rút ngắn thời gian học và thay đổi về dự định của mình rất nhiều. Mình rất biết ơn thầy Hoàng và Topgiaovien đã luôn đồng hành với mình trong suốt thời gian học và ôn thi để mình có thể đạt được những thành công mà mình chưa bao giờ nghĩ tới.?','imageUser-1726560700827-650227140.jpg','Bảo Nhiên ','share-1726560700812-359785798.jpg','https://www.facebook.com/share/p/QdpTRVNabUBJ9iAK/',1,'2024-09-17 08:11:40.845','2024-09-17 08:11:40.845','d17cc0c');
/*!40000 ALTER TABLE `share` ENABLE KEYS */;
UNLOCK TABLES;

--
-- Table structure for table `subcategory`
--

DROP TABLE IF EXISTS `subcategory`;
/*!40101 SET @saved_cs_client     = @@character_set_client */;
/*!50503 SET character_set_client = utf8mb4 */;
CREATE TABLE `subcategory` (
  `id` int NOT NULL AUTO_INCREMENT,
  `content` varchar(191) COLLATE utf8mb4_unicode_ci NOT NULL,
  `categoryId` int DEFAULT NULL,
  PRIMARY KEY (`id`),
  KEY `subcategory_categoryId_fkey` (`categoryId`),
  CONSTRAINT `subcategory_categoryId_fkey` FOREIGN KEY (`categoryId`) REFERENCES `category` (`id`) ON DELETE CASCADE ON UPDATE CASCADE
) ENGINE=InnoDB AUTO_INCREMENT=9 DEFAULT CHARSET=utf8mb4 COLLATE=utf8mb4_unicode_ci;
/*!40101 SET character_set_client = @saved_cs_client */;

--
-- Dumping data for table `subcategory`
--

LOCK TABLES `subcategory` WRITE;
/*!40000 ALTER TABLE `subcategory` DISABLE KEYS */;
INSERT INTO `subcategory` VALUES (1,'TOEIC',1),(2,'IELTS',1),(3,'TOEIC',2),(4,'IELTS',2),(5,'TOEIC',3),(6,'IELTS',3),(7,'TOEIC',4),(8,'IELTS',4);
/*!40000 ALTER TABLE `subcategory` ENABLE KEYS */;
UNLOCK TABLES;

--
-- Table structure for table `teacher`
--

DROP TABLE IF EXISTS `teacher`;
/*!40101 SET @saved_cs_client     = @@character_set_client */;
/*!50503 SET character_set_client = utf8mb4 */;
CREATE TABLE `teacher` (
  `id` varchar(8) COLLATE utf8mb4_unicode_ci NOT NULL,
  `name` varchar(150) COLLATE utf8mb4_unicode_ci NOT NULL,
  `slug` varchar(191) COLLATE utf8mb4_unicode_ci NOT NULL,
  `philosophy` varchar(2000) COLLATE utf8mb4_unicode_ci DEFAULT NULL,
  `linkPhilosophy` varchar(191) COLLATE utf8mb4_unicode_ci DEFAULT NULL,
  `imagePhilosophy` varchar(500) COLLATE utf8mb4_unicode_ci DEFAULT NULL,
  `typeLearn` enum('Online','Offline','All') COLLATE utf8mb4_unicode_ci NOT NULL DEFAULT 'All',
  `commitment` varchar(600) COLLATE utf8mb4_unicode_ci DEFAULT NULL,
  `position` varchar(150) COLLATE utf8mb4_unicode_ci DEFAULT NULL,
  `specialty` varchar(150) COLLATE utf8mb4_unicode_ci DEFAULT NULL,
  `photoUrl` varchar(255) COLLATE utf8mb4_unicode_ci DEFAULT NULL,
  `photoUrl2` varchar(255) COLLATE utf8mb4_unicode_ci DEFAULT NULL,
  `slogan` varchar(255) COLLATE utf8mb4_unicode_ci DEFAULT NULL,
  `ca` varchar(100) COLLATE utf8mb4_unicode_ci DEFAULT 'IETLS Overall',
  `levelCa` varchar(10) COLLATE utf8mb4_unicode_ci DEFAULT '8.0',
  `exp` varchar(5) COLLATE utf8mb4_unicode_ci DEFAULT '4',
  `optionExp` varchar(50) COLLATE utf8mb4_unicode_ci DEFAULT 'Giảng dạy tiếng Anh',
  `caIELTS` varchar(191) COLLATE utf8mb4_unicode_ci DEFAULT NULL,
  `caTOEIC` varchar(191) COLLATE utf8mb4_unicode_ci DEFAULT NULL,
  `caTOEFL` varchar(191) COLLATE utf8mb4_unicode_ci DEFAULT NULL,
  `caOther` varchar(191) COLLATE utf8mb4_unicode_ci DEFAULT NULL,
  `linkChat` varchar(191) COLLATE utf8mb4_unicode_ci DEFAULT NULL,
  `voucher` varchar(20) COLLATE utf8mb4_unicode_ci DEFAULT '20',
  `createdAt` datetime(3) NOT NULL DEFAULT CURRENT_TIMESTAMP(3),
  `updatedAt` datetime(3) NOT NULL,
  `userId` varchar(191) COLLATE utf8mb4_unicode_ci DEFAULT NULL,
  `courseCategoryId` int DEFAULT NULL,
  `courseSubCategoryId` int DEFAULT NULL,
  `locationId` int DEFAULT NULL,
  PRIMARY KEY (`id`),
  UNIQUE KEY `teacher_id_key` (`id`),
  UNIQUE KEY `teacher_userId_key` (`userId`),
  KEY `teacher_courseSubCategoryId_fkey` (`courseSubCategoryId`),
  KEY `teacher_courseCategoryId_fkey` (`courseCategoryId`),
  KEY `teacher_locationId_fkey` (`locationId`),
  CONSTRAINT `teacher_courseCategoryId_fkey` FOREIGN KEY (`courseCategoryId`) REFERENCES `coursecategory` (`id`) ON DELETE CASCADE ON UPDATE CASCADE,
  CONSTRAINT `teacher_courseSubCategoryId_fkey` FOREIGN KEY (`courseSubCategoryId`) REFERENCES `coursesubcategory` (`id`) ON DELETE SET NULL ON UPDATE CASCADE,
  CONSTRAINT `teacher_locationId_fkey` FOREIGN KEY (`locationId`) REFERENCES `location` (`id`) ON DELETE CASCADE ON UPDATE CASCADE,
  CONSTRAINT `teacher_userId_fkey` FOREIGN KEY (`userId`) REFERENCES `user` (`id`) ON DELETE CASCADE ON UPDATE CASCADE
) ENGINE=InnoDB DEFAULT CHARSET=utf8mb4 COLLATE=utf8mb4_unicode_ci;
/*!40101 SET character_set_client = @saved_cs_client */;

--
-- Dumping data for table `teacher`
--

LOCK TABLES `teacher` WRITE;
/*!40000 ALTER TABLE `teacher` DISABLE KEYS */;
INSERT INTO `teacher` VALUES ('04cd771','Lê Nhật Lam','le-nhat-lam','Giáo dục không chỉ là việc dạy ngôn ngữ, mà còn là một hành trình khám phá và kết nối với các nền văn hóa phong phú. Để học sinh không chỉ học ngôn ngữ mà còn thấu hiểu bối cảnh và giá trị của nó, giáo viên nên đưa vào giảng dạy các yếu tố văn hóa từ các quốc gia nói tiếng Anh. Điều này không chỉ giúp học sinh nắm vững ngôn ngữ một cách tự nhiên hơn mà còn mở ra cánh cửa đến với những trải nghiệm văn hóa đa dạng và thú vị. Bằng cách giới thiệu văn hóa, phong tục, và các đặc trưng xã hội của các quốc gia đó, giáo viên giúp học sinh xây dựng sự đồng cảm và hiểu biết sâu sắc hơn, tạo nên một môi trường học tập phong phú và kết nối hơn với thế giới xung quanh.','6YOGiAxrqyw',NULL,'All','Luôn nhiệt tình trong giảng dạy đảm bảo chất lượng và nội dung cho học viên như đã cung cấp ban đầu.\r\nChấm và sửa bài theo đúng lịch, không trễ hẹn với học viên.\r\nTương tác với học viên trước và cả sau buổi học.\r\nKhông vắng lịch dạy mà không có lý do chính đáng.','Giáo viên Tiếng Anh ','null','MR LAM.JPEG','imageTeacher2-1726130459216-390913888.jpg','Học ngoại ngữ là hành trình khám phá văn hóa đa dạng.','IETLS Overall','8.5','3','Giảng dạy tiếng Anh','caIELTS-1725530743236-283719316.jpg',NULL,NULL,NULL,NULL,'5','2024-08-27 22:56:00.070','2024-09-17 08:28:15.958','9f9a17c5-e75f-4c7b-9408-44b404b7d197',1,1,1),('38985cf','Thái Chấn Thanh','thai-chan-thanh','Khơi dậy niềm yêu thích ngôn ngữ thông qua các hoạt động sáng tạo là một cách hiệu quả để thu hút và truyền cảm hứng cho học sinh. Những trò chơi vui nhộn, dự án nghệ thuật độc đáo, và các buổi thảo luận sôi nổi không chỉ giúp biến việc học thành một trải nghiệm đầy thú vị mà còn khuyến khích học sinh khám phá ngôn ngữ một cách tự nhiên và sinh động hơn. Những hoạt động này không chỉ phát triển kỹ năng ngôn ngữ một cách toàn diện, từ việc cải thiện khả năng nghe, nói, đọc, viết, mà còn kích thích sự sáng tạo, khơi gợi đam mê học tập và tăng cường sự tự tin trong việc sử dụng ngôn ngữ mới. Khi học sinh cảm thấy hứng thú và có động lực, việc học trở thành niềm vui và sự tiến bộ sẽ đến một cách tự nhiên hơn.','imageTeacher3-1726473982932-123162940.jpg',NULL,'All','Luôn nhiệt tình trong giảng dạy đảm bảo chất lượng và nội dung cho học viên như đã cung cấp ban đầu.\r\nChấm và sửa bài theo đúng lịch, không trễ hẹn với học viên.\r\nTương tác với học viên trước và cả sau buổi học.\r\nKhông vắng lịch dạy mà không có lý do chính đáng.','Giáo viên tiếng Trung ','Sở trường các lớp tiếng Trung từ 0-HSK4','MR SHIN.JPEG','imageTeacher2-1726135125130-934950184.jpg','Khơi dậy niềm yêu thích ngôn ngữ thông qua các hoạt động sáng tạo. ','6','HSK ','10 ','Giảng dạy tiếng Trung ',NULL,NULL,NULL,NULL,NULL,'10','2024-08-27 22:56:00.084','2024-09-16 08:06:22.957','4eafb91d-55d5-4e43-a13d-b2473021740b',2,4,1),('41d7a88','Đổng Thuý Vy','dong-thuy-vy','Xây dựng mối quan hệ tích cực và tin tưởng với học sinh chính là chìa khóa để tạo ra một môi trường học tập hiệu quả. Khi mình tạo ra một không gian học tập thân thiện và cởi mở, học sinh sẽ cảm thấy an toàn để bày tỏ suy nghĩ của mình và tham gia một cách tích cực vào các hoạt động học tập.\r\n','imageTeacher3-1726473839042-932512479.jpg','imageTeacher2-1725562870022-478006119.jpg','All','Luôn nhiệt tình trong giảng dạy đảm bảo chất lượng và nội dung cho học viên như đã cung cấp ban đầu.\r\nChấm và sửa bài theo đúng lịch, không trễ hẹn với học viên.','Giáo viên Tiếng Trung ','Sở trường các lớp tiếng Trung từ 0-HSK4','MS VY.JPEG','imageTeacher2-1726125631066-367941290.jpg','Xây dựng mối quan hệ tích cực, tin tưởng với học sinh.','5','HSK','2','Giảng dạy tiếng Trung ',NULL,NULL,NULL,'',NULL,'15','2024-08-27 22:56:00.095','2024-09-17 08:48:35.603','15ac8f4c-6156-489f-8b1f-e788004306bb',2,4,1),('4a815d1','Đoàn Hà Phương','doan-ha-phuong','Đam mê ngôn ngữ không chỉ là phương tiện để giao tiếp, mà còn là cầu nối để hiểu sâu sắc hơn về thế giới xung quanh chúng ta. Khi chúng ta học ngôn ngữ, chúng ta không chỉ nắm bắt được lời nói mà còn tiếp cận được những giá trị văn hóa, lịch sử, và tư duy của những con người đến từ những nền văn minh khác nhau. Mỗi ngôn ngữ là một cánh cửa mở ra tri thức mới, giúp chúng ta tiếp cận những cơ hội quý giá trong học tập, công việc, và cuộc sống. Sự đam mê này khuyến khích chúng ta khám phá tiềm năng vô hạn của bản thân, rèn luyện các kỹ năng cần thiết, và sẵn sàng đối mặt với những thách thức trong một thế giới ngày càng đa dạng, đầy thay đổi và hội nhập toàn cầu. Chính tình yêu với ngôn ngữ giúp chúng ta trở nên linh hoạt, thấu hiểu và tự tin hơn trên con đường phát triển của chính mình.\r\n','dLKNQCGyzM0',NULL,'All','Luôn nhiệt tình trong giảng dạy đảm bảo chất lượng và nội dung cho học viên như đã cung cấp ban đầu.\r\nChấm và sửa bài theo đúng lịch, không trễ hẹn với học viên.\r\nTương tác với học viên trước và cả sau buổi học.\r\nKhông vắng lịch dạy mà không có lý do chính đáng.','Giáo viên Tiếng Anh ','Sở trường các lớp IELTS đủ level, Toeic','imageTeacher-1725679013334-567211907.jpg','imageTeacher2-1725679013341-668003849.jpg','Đam mê ngôn ngữ, đam mê tương lai','IETLS Overall','8.0','2','Giảng dạy tiếng Anh','caIELTS-1725679231977-288057381.jpg',NULL,NULL,NULL,NULL,'5','2024-08-27 22:56:00.105','2024-09-16 10:14:21.803','f04bbc57-3e22-447e-9b76-f41f1ed3659c',1,1,1),('56406fe','Nguyễn Lê Nhật Khanh','nguyen-le-nhat-khanh','Học sinh là trung tâm của lớp học, nơi giáo viên đóng vai trò quan trọng trong việc khơi dậy niềm đam mê và khám phá tiềm năng của từng cá nhân. Bằng cách cá nhân hóa phương pháp giảng dạy, giáo viên không chỉ tạo ra một môi trường học tập thân thiện và khuyến khích, mà còn giúp học sinh cảm thấy được tôn trọng và lắng nghe. Khi học sinh cảm thấy được quan tâm và hỗ trợ đúng cách, họ sẽ trở nên tự tin hơn trong việc tham gia và thể hiện ý kiến của mình. Sự tự tin này không chỉ thúc đẩy sự tích cực trong học tập mà còn tạo nên một lớp học sáng tạo và năng động, nơi mỗi học sinh đều có cơ hội phát huy tối đa khả năng và tiềm năng của mình, từ đó thúc đẩy sự phát triển toàn diện và bền vững.','imageTeacher3-1726473631268-93364508.jpg',NULL,'All','Luôn nhiệt tình trong giảng dạy đảm bảo chất lượng và nội dung cho học viên như đã cung cấp ban đầu.\r\nChấm và sửa bài theo đúng lịch, không trễ hẹn với học viên.\r\nTương tác với học viên trước và cả sau buổi học.\r\nKhông vắng lịch dạy mà không có lý do chính đáng.','Giáo viên tiếng Anh ','Sở trường các lớp IELTS mọi level, IELTS Intensive','imageTeacher-1726558411900-81830457.jpg','imageTeacher2-1726460459928-609231202.jpg','Học sinh là trung tâm của lớp học.','IETLS Overall','8.0','4','Giảng dạy tiếng Anh','caIELTS-1725527178040-551641194.jpg',NULL,NULL,NULL,NULL,'5','2024-08-27 22:56:00.115','2024-09-17 07:33:31.912','f3753c8e-69dc-4078-8cf4-619607f62fe1',1,1,1),('7d1a85a','Hứa Lập Nghĩa ','hua-lap-nghia','Giáo dục ngôn ngữ không chỉ là việc truyền đạt kiến thức về từ vựng và ngữ pháp, mà còn là quá trình khơi dậy niềm đam mê và tự tin trong việc giao tiếp bằng ngôn ngữ mới. Mỗi học sinh đều có tiềm năng riêng, và nhiệm vụ của tôi là giúp họ phát huy tối đa khả năng của mình thông qua phương pháp giảng dạy linh hoạt, cá nhân hóa và mang tính tương tác cao. Tôi tin rằng việc học ngôn ngữ hiệu quả nhất khi học sinh được trải nghiệm thực tế, kết hợp giữa lý thuyết và thực hành, để ngôn ngữ trở thành một phần tự nhiên trong cuộc sống của họ. Đồng thời, tôi cũng luôn khuyến khích học sinh tìm thấy niềm vui trong quá trình học tập, vì chính sự hứng thú sẽ tạo động lực giúp họ tiến bộ không ngừng.','imageTeacher3-1726560804420-759157895.jpg',NULL,'Online','Luôn nhiệt tình trong giảng dạy đảm bảo chất lượng và nội dung cho học viên như đã cung cấp ban đầu.\r\nChấm và sửa bài theo đúng lịch, không trễ hẹn với học viên.\r\nTương tác với học viên trước và cả sau buổi học.\r\nKhông vắng lịch dạy mà không có lý do chính đáng.','Giáo viên tiếng Anh ','Sở trường các lớp tiếng Trung từ 0-HSK4','imageTeacher-1726561300366-128230247.jpg','imageTeacher2-1726560804419-654217688.jpg','Biến việc học tiếng Anh thành niềm vui.','IETLS Overall','7.5','2','Giảng dạy tiếng Anh',NULL,NULL,NULL,NULL,NULL,'15','2024-09-17 07:57:43.852','2024-09-17 09:00:23.435','004bacf2-9122-49a7-8d41-92fc96306e38',1,1,1),('7d29e21','Trần Thu Hằng','tran-thu-hang','Mình luôn đặt sự sáng tạo và tư duy độc lập của học sinh lên hàng đầu. Mình tin rằng giáo viên không chỉ là người truyền đạt kiến thức mà còn cần tạo ra một môi trường học tập vui vẻ, nơi học sinh cảm thấy tự do thể hiện ý tưởng và khám phá bản thân. Khi khuyến khích sự sáng tạo, mình muốn học sinh không chỉ yêu thích môn học mà còn phát triển tư duy phản biện, tự tin bày tỏ ý kiến riêng và trở thành những người học chủ động.\r\n\r\nTrong lớp học, mình thường cố gắng tạo ra nhiều cơ hội để học sinh tham gia vào các hoạt động thực tế và sáng tạo, như thảo luận nhóm, làm dự án, hoặc các bài tập mở rộng. Điều này giúp các em tìm thấy niềm vui trong việc học và kết nối với thế giới xung quanh một cách tự nhiên. Mình tin rằng khi các em được khuyến khích suy nghĩ ngoài khuôn khổ, các em sẽ học được cách giải quyết vấn đề linh hoạt hơn và sáng tạo hơn trong mọi tình huống.','StW-1AVU7z8',NULL,'All','Luôn nhiệt tình trong giảng dạy đảm bảo chất lượng và nội dung cho học viên như đã cung cấp ban đầu.\r\nChấm và sửa bài theo đúng lịch, không trễ hẹn với học viên.\r\nTương tác với học viên trước và cả sau buổi học.\r\nKhông vắng lịch dạy mà không có lý do chính đáng.','Giáo viên tiếng Anh ','Sở trường dạy IELTS và TOEIC','MS HẰNG.JPEG','imageTeacher2-1726130621500-669097671.jpg','Học ngoại ngữ không chỉ là học ngôn ngữ, mà còn là học sống','IETLS Overall','8.0','2','Giảng dạy tiếng Anh','caIELTS-1725530510319-515135296.jpg',NULL,NULL,NULL,NULL,'10','2024-08-27 22:56:00.125','2024-09-17 07:39:30.924','8838082d-c9c1-4ae3-b57a-1f61b9e5330b',1,1,1),('9a3f8fe','Vũ Thị Mai','vu-thi-mai','Không chỉ đơn thuần là việc giảng dạy, mà còn là hành trình gắn kết giữa giáo viên và học sinh. Sự đồng hành này thể hiện sự quan tâm và hỗ trợ tận tâm, giúp học sinh vượt qua khó khăn và khám phá tiềm năng của bản thân. Khi giáo viên luôn sát cánh bên học viên, họ sẽ cảm thấy an toàn và tự tin hơn trong việc tiếp thu kiến thức, đồng thời khơi dậy niềm đam mê học hỏi. Sự đồng hành chân thành là chìa khóa mở ra cánh cửa thành công cho từng học sinh, giúp họ không chỉ tiến bộ trong học tập mà còn phát triển về mặt kỹ năng và tư duy. Mối quan hệ tích cực giữa giáo viên và học sinh còn tạo ra một môi trường học tập đầy cảm hứng, nơi mọi người đều cảm thấy được lắng nghe và đánh giá cao.','imageTeacher3-1726474031389-442992901.jpg',NULL,'All','Luôn nhiệt tình trong giảng dạy đảm bảo chất lượng và nội dung cho học viên như đã cung cấp ban đầu.\r\nChấm và sửa bài theo đúng lịch, không trễ hẹn với học viên.\r\nTương tác với học viên trước và cả sau buổi học.\r\nKhông vắng lịch dạy mà không có lý do chính đáng.','Giáo viên tiếng Trung ','Sở trường các lớp tiếng Trung từ 0-HSK5 và các lớp giao tiếp','imageTeacher-1726136166896-777269353.jpg','imageTeacher2-1726136126904-183280884.jpg','Đồng hành cùng học sinh trong từng bước tiến bộ.','5','HSK ','12','Giảng dạy tiếng Trung ',NULL,NULL,NULL,'caOther-1725531498446-335547529.jpg',NULL,'5','2024-08-27 22:56:00.135','2024-09-16 08:07:11.400','6a912077-b240-4a7c-a4b5-b60ce95e8810',2,4,1),('9e41ab8','Nguyễn Giáng Ngọc','nguyen-giang-ngoc','Ngôn ngữ và văn hóa có mối quan hệ mật thiết, góp phần định hình cách chúng ta hiểu và tương tác với thế giới. Ngôn ngữ không chỉ là phương tiện để diễn đạt suy nghĩ mà còn phản ánh lối sống, tập quán, và giá trị của mỗi cộng đồng. Việc học một ngôn ngữ mới giúp chúng ta mở rộng tầm nhìn, đồng thời tiếp cận được những khía cạnh sâu sắc hơn của các nền văn hóa khác. Nhờ đó, chúng ta có thể hiểu rõ hơn về cách nghĩ, lối sống của người khác, đồng thời phát triển sự nhạy bén trong giao tiếp. Khả năng thấu hiểu sự đa dạng văn hóa không chỉ giúp chúng ta kết nối tốt hơn với những người xung quanh mà còn xây dựng được mối quan hệ dựa trên sự tôn trọng và đồng cảm, làm phong phú cuộc sống hàng ngày.\r\n','imageTeacher3-1726474411242-232025419.jpg',NULL,'All','Luôn nhiệt tình trong giảng dạy đảm bảo chất lượng và nội dung cho học viên như đã cung cấp ban đầu.\r\nChấm và sửa bài theo đúng lịch, không trễ hẹn với học viên.\r\nTương tác với học viên trước và cả sau buổi học.\r\nKhông vắng lịch dạy mà không có lý do chính đáng.','Giáo viên Tiếng Anh ','Sở trường các lớp tiếng Trung từ 0-HSK4','imageTeacher-1726128593213-94268129.jpg','imageTeacher2-1726128527471-330520908.jpg','Học một ngôn ngữ mới là trở thành một con người mới','IETLS Overall','7.5','2','Giảng dạy tiếng Anh',NULL,NULL,NULL,NULL,NULL,'20','2024-08-29 10:14:57.692','2024-09-16 08:13:31.264','3b5e4693-5bf8-42d0-9f9f-067bcc1680a0',1,1,1),('a56c0d1','Lưu Kiến Tâm','luu-kien-tam','Tiếng Anh là một ngôn ngữ sống động, và học qua thực hành là cách hiệu quả nhất để nắm bắt ngôn ngữ này. Mình tin rằng việc giao tiếp thông qua các hoạt động thực tế, trò chơi, và dự án sáng tạo không chỉ giúp học sinh tiếp thu nhanh chóng mà còn biến việc học thành một trải nghiệm thú vị. Những tình huống giao tiếp thực tế như nhập vai, thảo luận nhóm hay thuyết trình giúp học sinh rèn luyện kỹ năng ngôn ngữ trong môi trường gần gũi, xây dựng sự tự tin và cải thiện kỹ năng nghe, nói, đọc, viết một cách toàn diện. Những trải nghiệm này tạo ra nền tảng vững chắc, giúp học sinh sử dụng tiếng Anh một cách tự nhiên và linh hoạt hơn. \r\n','33zOxNKCo0g',NULL,'All','Luôn nhiệt tình trong giảng dạy đảm bảo chất lượng và nội dung cho học viên như đã cung cấp ban đầu.\r\nChấm và sửa bài theo đúng lịch, không trễ hẹn với học viên.\r\nTương tác với học viên trước và cả sau buổi học.\r\nKhông vắng lịch dạy mà không có lý do chính đáng.','Giáo viên Tiếng Anh ','Sở trường các lớp IELTS mọi level','imageTeacher-1726558979539-1135156.jpg','imageTeacher2-1726558927029-536406830.jpg','Mỗi ngày một câu, tiến bộ từng giờ.','IETLS Overall','7.5','5','Giảng dạy tiếng Anh',NULL,NULL,NULL,NULL,NULL,'10','2024-08-27 22:56:00.146','2024-09-17 07:42:59.549','30e0b400-818e-4824-ba0d-dda67291f5b4',1,1,1),('a57de5b','Nguyễn Minh Mẫn','nguyen-minh-man','Mình luôn tin rằng học tập suốt đời là chìa khóa thành công khi học tiếng Anh. Mình khuyến khích học sinh phát triển thói quen này, giúp họ nhận ra rằng việc học ngôn ngữ không chỉ dừng lại trong lớp học hay qua các kỳ thi mà là một hành trình liên tục. Mỗi ngày đều có thể là cơ hội để học điều mới – từ cuộc hội thoại, sách báo, phim ảnh đến trải nghiệm văn hóa. Khi học sinh nhận ra rằng việc học là một quá trình không ngừng, họ sẽ có thêm động lực, sẵn sàng khám phá và phát triển khả năng ngôn ngữ của mình một cách tự nhiên và hứng khởi.','imageTeacher3-1726473953259-641145639.jpg',NULL,'All','Luôn nhiệt tình trong giảng dạy đảm bảo chất lượng và nội dung cho học viên như đã cung cấp ban đầu.\r\nChấm và sửa bài theo đúng lịch, không trễ hẹn với học viên.\r\nTương tác với học viên trước và cả sau buổi học.\r\nKhông vắng lịch dạy mà không có lý do chính đáng.','Giáo viên tiếng Anh ','Sở trường các lớp IELTS General, Giao tiếp và lớp kèm','imageTeacher-1726128554403-785241069.jpg','imageTeacher2-1726128554405-687877581.jpg','Giúp học sinh xây dựng nền tảng vững chắc để học tập suốt đời.','IETLS Overall','7.0','4','Giảng dạy tiếng Anh','caIELTS-1725531931592-585394047.jpg',NULL,NULL,NULL,NULL,'15','2024-08-27 22:56:00.160','2024-09-16 08:05:53.284','2c667d19-76f5-41a8-838b-9711ef0b8a83',1,1,1),('c1f5578','Đỗ Tường Phương Uyên','do-tuong-phuong-uyen','Để tạo ra một môi trường học tập tích cực, lớp học cần trở thành một không gian thân thiện, thoải mái và đầy động lực. Khi học sinh cảm thấy được chào đón và khuyến khích, họ sẽ tự tin hơn trong việc giao tiếp bằng tiếng Anh và tích cực tham gia vào các hoạt động học tập. Môi trường tích cực không chỉ giúp họ hứng thú mà còn thúc đẩy sự sáng tạo, phát triển tư duy phản biện và khả năng học hỏi một cách sâu sắc hơn.\r\n\r\nĐây là nơi mà mỗi học sinh đều được hỗ trợ và khích lệ, tạo cơ hội để họ thoải mái chia sẻ ý kiến, thử thách bản thân và vượt qua những rào cản trong việc học. Việc xây dựng một không gian như vậy sẽ giúp học sinh không chỉ đạt được mục tiêu học tập mà còn phát triển sự tự tin, khả năng làm việc nhóm và sự gắn kết trong cộng đồng học tập.\r\n','DZR7oXfuWzM',NULL,'All','Luôn nhiệt tình trong giảng dạy đảm bảo chất lượng và nội dung cho học viên như đã cung cấp ban đầu.\r\nChấm và sửa bài theo đúng lịch, không trễ hẹn với học viên.\r\nTương tác với học viên trước và cả sau buổi học.\r\nKhông vắng lịch dạy mà không có lý do chính đáng.','Giáo viên Tiếng Anh ','Sở trường Các lớp giao tiếp','MS UYÊN.JPEG','imageTeacher2-1726129989229-858504868.jpg','Ngôn ngữ là cầu nối mọi con người','IETLS Overall','7.5','2','Giảng dạy tiếng Anh','caIELTS-1725530685073-218909762.jpg',NULL,NULL,NULL,NULL,'10','2024-08-27 22:56:00.169','2024-09-12 08:33:09.246','9f9a17c5-e754b7d197',1,1,1),('d17cc0c','Trần Kim Hoàng','tran-kim-hoang','Việc liên kết ngôn ngữ với văn hóa không chỉ giúp chúng ta có cái nhìn toàn diện về thế giới, mà còn mở ra những cơ hội khám phá sâu sắc hơn về chính bản thân và các nền văn hóa khác. Ngôn ngữ không chỉ là một công cụ giao tiếp đơn thuần, mà còn là kho tàng chứa đựng các giá trị, phong tục và bản sắc của một dân tộc. Khi chúng ta hiểu biết về văn hóa, chúng ta có thể thấu hiểu những sắc thái ý nghĩa và sự tinh tế trong ngôn ngữ, điều này giúp tạo ra sự đồng cảm và tôn trọng giữa các nền văn hóa khác nhau. Sự kết hợp này không chỉ làm phong phú thêm trải nghiệm cá nhân mà còn nâng cao khả năng giao tiếp và kết nối chân thành với thế giới xung quanh, từ đó tạo ra những mối quan hệ sâu sắc và ý nghĩa hơn trong cuộc sống hàng ngày.','imageTeacher3-1726473867007-145725472.jpg',NULL,'All','Luôn nhiệt tình trong giảng dạy đảm bảo chất lượng và nội dung cho học viên như đã cung cấp ban đầu.\r\nChấm và sửa bài theo đúng lịch, không trễ hẹn với học viên.\r\nTương tác với học viên trước và cả sau buổi học.\r\nKhông vắng lịch dạy mà không có lý do chính đáng.','Giáo viên tiếng Trung ','Sở trường các lớp tiếng Trung mọi level','MR HOÀNG.JPEG','imageTeacher2-1726135466329-179573944.jpg','Kết hợp kiến thức văn hóa với ngôn ngữ để hiểu sâu sắc hơn.','6','HSK ','15','Giảng dạy tiếng Trung ',NULL,NULL,NULL,'caOther-1725532025329-663155058.jpg',NULL,'5','2024-08-27 22:56:00.178','2024-09-16 08:04:27.020','2a7c2486-51ce-422a-9c0a-f0cc93563ddf',2,4,1),('de29046','Trần Cao Đạt','tran-cao-dat','Khuyến khích sự sáng tạo và tư duy độc lập là yếu tố vô cùng quan trọng trong sự phát triển toàn diện của học sinh. Khi học sinh được tạo điều kiện tự do khám phá và giải quyết vấn đề, họ không chỉ trở nên tự tin hơn trong việc bày tỏ quan điểm cá nhân mà còn rèn luyện tư duy phản biện một cách hiệu quả. Một môi trường học tập cởi mở và hỗ trợ giúp học sinh phát huy khả năng sáng tạo của mình, đồng thời phát triển kỹ năng tư duy độc lập, cho phép họ tìm ra giải pháp mới và thích ứng với các tình huống khác nhau.\r\n\r\nSự tự do trong việc khám phá và giải quyết vấn đề không chỉ giúp học sinh hình thành những ý tưởng độc đáo mà còn trang bị cho họ khả năng đối mặt với thách thức và thay đổi. Tư duy độc lập và sáng tạo là chìa khóa giúp học sinh không chỉ thành công trong học tập mà còn góp phần tích cực vào sự phát triển của xã hội.','imageTeacher3-1726474093360-9097865.jpg',NULL,'All','Luôn nhiệt tình trong giảng dạy đảm bảo chất lượng và nội dung cho học viên như đã cung cấp ban đầu.\r\nChấm và sửa bài theo đúng lịch, không trễ hẹn với học viên.\r\nTương tác với học viên trước và cả sau buổi học.\r\nKhông vắng lịch dạy mà không có lý do chính đáng.','Giáo viên tiếng Trung ','Sở trường các lớp tiếng Trung từ 0-HSK5','MR ĐẠT.JPEG','imageTeacher2-1726135952635-991768330.jpg','Khuyến khích sự sáng tạo và tư duy độc lập.','6','HSK ','4','Giảng dạy tiếng Trung','caIELTS-1725527833104-108092985.jpg',NULL,NULL,NULL,NULL,'20','2024-08-27 22:56:00.186','2024-09-16 08:08:13.376','d213572b-f190-40da-9027-69faeb17202c',2,4,1),('ef40688','Võ Nguyễn Cẩm Nhung','vo-nguyen-cam-nhung','Học một ngôn ngữ mới không chỉ đơn giản là việc ghi nhớ từ vựng hay ngữ pháp, mà còn là cơ hội để khám phá thế giới và các nền văn hóa khác nhau. Mỗi buổi học là một trải nghiệm mới, giúp học sinh hiểu thêm về lối sống, tư duy của con người từ nhiều quốc gia, từ đó mở rộng tầm nhìn và nhận thức.\r\n\r\nKhi học sinh tiếp cận việc học như một cuộc phiêu lưu, họ sẽ dễ dàng cảm nhận được niềm vui và sự hào hứng trong từng bài học. Ngôn ngữ không chỉ là công cụ giao tiếp, mà còn là chìa khóa mở ra những cơ hội khám phá và trải nghiệm thú vị, mang lại những điều bất ngờ từ thế giới rộng lớn ngoài kia.','b9xsK8k0Kb0',NULL,'All','Luôn nhiệt tình trong giảng dạy đảm bảo chất lượng và nội dung cho học viên như đã cung cấp ban đầu.\r\nChấm và sửa bài theo đúng lịch, không trễ hẹn với học viên.\r\nTương tác với học viên trước và cả sau buổi học.\r\nKhông vắng lịch dạy mà không có lý do chính đáng.','Giáo viên tiếng Anh ','Sở trường các lớp mất gốc','MS NHUNG.JPEG','imageTeacher2-1726133251619-361079476.jpg','Tận hưởng hành trình chinh phục ngôn ngữ mới.','IETLS Overall','7.0','3','Giảng dạy tiếng Anh','caIELTS-1725525435875-637941946.jpg',NULL,NULL,NULL,NULL,'20','2024-08-27 22:56:00.198','2024-09-16 10:08:30.644','c03919e2-0974-43a0-8fd6-ebb3cfd84eee',1,1,1);
/*!40000 ALTER TABLE `teacher` ENABLE KEYS */;
UNLOCK TABLES;

--
-- Table structure for table `teacherforte`
--

DROP TABLE IF EXISTS `teacherforte`;
/*!40101 SET @saved_cs_client     = @@character_set_client */;
/*!50503 SET character_set_client = utf8mb4 */;
CREATE TABLE `teacherforte` (
  `id` int NOT NULL AUTO_INCREMENT,
  `title` varchar(191) COLLATE utf8mb4_unicode_ci DEFAULT NULL,
  `teacherId` varchar(8) COLLATE utf8mb4_unicode_ci DEFAULT NULL,
  PRIMARY KEY (`id`),
  KEY `teacherForte_teacherId_fkey` (`teacherId`),
  CONSTRAINT `teacherForte_teacherId_fkey` FOREIGN KEY (`teacherId`) REFERENCES `teacher` (`id`) ON DELETE CASCADE ON UPDATE CASCADE
) ENGINE=InnoDB AUTO_INCREMENT=64 DEFAULT CHARSET=utf8mb4 COLLATE=utf8mb4_unicode_ci;
/*!40101 SET character_set_client = @saved_cs_client */;

--
-- Dumping data for table `teacherforte`
--

LOCK TABLES `teacherforte` WRITE;
/*!40000 ALTER TABLE `teacherforte` DISABLE KEYS */;
INSERT INTO `teacherforte` VALUES (1,'IELTS mọi level','04cd771'),(2,'Giao tiếp 1-1','04cd771'),(3,'Lớp kèm','04cd771'),(4,'0 - HSK 4 ','38985cf'),(5,'Giao tiếp','38985cf'),(6,'Luyện thi HSK ','38985cf'),(7,' 0 - HSK5','41d7a88'),(8,'Giao tiếp','41d7a88'),(9,'Luyện thi HSK ','41d7a88'),(10,'IELTS nâng cao','4a815d1'),(11,'Giao tiếp','4a815d1'),(12,'Mọi level ','4a815d1'),(13,'IELTS mọi level','56406fe'),(14,'IELTS Writing','56406fe'),(15,'TOEIC mọi level','56406fe'),(16,'Lớp kèm IELTS ','7d29e21'),(17,'Giao tiếp','7d29e21'),(18,'TOEIC mọi level ','7d29e21'),(19,'0 - HSK 5','9a3f8fe'),(20,'Lớp giao tiếp','9a3f8fe'),(21,'Luyện thi HSK ','9a3f8fe'),(22,'IELTS nâng cao','a56c0d1'),(23,'Giao tiếp','a56c0d1'),(24,'IELTS Writing ','a56c0d1'),(25,'IELTS General ','a57de5b'),(26,'Giao tiếp','a57de5b'),(27,'Lớp kèm ','a57de5b'),(28,'IELTS ','c1f5578'),(29,'Giao tiếp','c1f5578'),(30,'TOEIC mọi level ','c1f5578'),(31,'Mọi level ','d17cc0c'),(32,'Giao tiếp','d17cc0c'),(33,'Luyện thi HSK','d17cc0c'),(34,'Các lớp giao tiếp','de29046'),(35,'0 - HSK5','de29046'),(36,'Luyện thi HSK','de29046'),(37,'TOEIC Foundation','ef40688'),(38,'IELTS Foundation','ef40688'),(39,'Giao tiếp cơ bản','ef40688'),(40,'IELTS nâng cao','9e41ab8'),(41,'Reading effortlessly method','9e41ab8'),(42,'TOEIC','9e41ab8'),(43,'IELTS nâng cao',NULL),(44,'Giao tiếp',NULL),(45,'TOEIC',NULL),(46,'IELTS nâng cao',NULL),(47,'Giao tiếp',NULL),(48,'TOEIC',NULL),(49,'IELTS nâng cao',NULL),(50,'Giao tiếp',NULL),(51,'TOEIC',NULL),(52,'IELTS nâng cao',NULL),(53,'Giao tiếp',NULL),(54,'TOEIC',NULL),(55,'IELTS nâng cao',NULL),(56,'Giao tiếp',NULL),(57,'TOEIC',NULL),(58,'IELTS','7d1a85a'),(59,'Giao tiếp 1-1','7d1a85a'),(60,'TOEIC','7d1a85a');
/*!40000 ALTER TABLE `teacherforte` ENABLE KEYS */;
UNLOCK TABLES;

--
-- Table structure for table `teachernotify`
--

DROP TABLE IF EXISTS `teachernotify`;
/*!40101 SET @saved_cs_client     = @@character_set_client */;
/*!50503 SET character_set_client = utf8mb4 */;
CREATE TABLE `teachernotify` (
  `id` int NOT NULL AUTO_INCREMENT,
  `title` varchar(191) COLLATE utf8mb4_unicode_ci NOT NULL,
  `content` varchar(500) COLLATE utf8mb4_unicode_ci NOT NULL,
  `teacherId` varchar(8) COLLATE utf8mb4_unicode_ci DEFAULT NULL,
  PRIMARY KEY (`id`),
  KEY `teacherNotify_teacherId_fkey` (`teacherId`),
  CONSTRAINT `teacherNotify_teacherId_fkey` FOREIGN KEY (`teacherId`) REFERENCES `teacher` (`id`) ON DELETE CASCADE ON UPDATE CASCADE
) ENGINE=InnoDB AUTO_INCREMENT=28 DEFAULT CHARSET=utf8mb4 COLLATE=utf8mb4_unicode_ci;
/*!40101 SET character_set_client = @saved_cs_client */;

--
-- Dumping data for table `teachernotify`
--

LOCK TABLES `teachernotify` WRITE;
/*!40000 ALTER TABLE `teachernotify` DISABLE KEYS */;
INSERT INTO `teachernotify` VALUES (1,'Khai giảng lớp IELTS tháng 9 ','Khai giảng khóa IELTS cấp tốc','4a815d1'),(5,'Khai giảng khóa IELTS cấp tốc ','Khai giảng khóa IELTS tháng 9','c1f5578'),(6,'Khai giảng lớp IELTS tháng 9 ','Khai giảng khóa IELTS cấp tốc','7d29e21'),(7,'Khai giảng khóa IELTS cấp tốc','Yes. It adheres to the WAI-ARIA design pattern.','ef40688'),(8,'Khai giảng lớp IELTS tháng 9 ','Khai giảng khóa IELTS cấp tốc','56406fe'),(13,'Khai giảng khóa IELTS tháng 9','Yes. It adheres to the WAI-ARIA design pattern.','a56c0d1'),(15,'','Khai giảng khóa tiếng Trung trung cấp ','de29046'),(19,'Khai giảng khóa tiếng Trung trung cấp ','Khai giảng lớp tiếng Trung trung cấp ','d17cc0c'),(22,'Khai giảng lớp IELTS tháng 9 ','Khai giảng khóa IELTS cấp tốc','a57de5b'),(23,'Khai giảng khóa tiếng Trung sơ cấp ','','38985cf'),(24,'Yes. It adheres to the WAI-ARIA design pattern.','Khai giảng khóa IELTS cấp tốc','d17cc0c'),(25,'Yes. It adheres to the WAI-ARIA design pattern.','Khai giảng khóa IELTS cấp tốc','d17cc0c'),(26,'Yes. It adheres to the WAI-ARIA design pattern.','Khai giảng khóa IELTS cấp tốc','d17cc0c');
/*!40000 ALTER TABLE `teachernotify` ENABLE KEYS */;
UNLOCK TABLES;

--
-- Table structure for table `time`
--

DROP TABLE IF EXISTS `time`;
/*!40101 SET @saved_cs_client     = @@character_set_client */;
/*!50503 SET character_set_client = utf8mb4 */;
CREATE TABLE `time` (
  `id` int NOT NULL AUTO_INCREMENT,
  `title` varchar(40) COLLATE utf8mb4_unicode_ci DEFAULT NULL,
  PRIMARY KEY (`id`)
) ENGINE=InnoDB AUTO_INCREMENT=4 DEFAULT CHARSET=utf8mb4 COLLATE=utf8mb4_unicode_ci;
/*!40101 SET character_set_client = @saved_cs_client */;

--
-- Dumping data for table `time`
--

LOCK TABLES `time` WRITE;
/*!40000 ALTER TABLE `time` DISABLE KEYS */;
INSERT INTO `time` VALUES (1,'Trưa'),(2,'Sáng'),(3,'Chiều');
/*!40000 ALTER TABLE `time` ENABLE KEYS */;
UNLOCK TABLES;

--
-- Table structure for table `timeline`
--

DROP TABLE IF EXISTS `timeline`;
/*!40101 SET @saved_cs_client     = @@character_set_client */;
/*!50503 SET character_set_client = utf8mb4 */;
CREATE TABLE `timeline` (
  `id` int NOT NULL AUTO_INCREMENT,
  `title` varchar(20) COLLATE utf8mb4_unicode_ci DEFAULT NULL,
  `timeId` int DEFAULT NULL,
  PRIMARY KEY (`id`),
  KEY `timeLine_timeId_fkey` (`timeId`),
  CONSTRAINT `timeLine_timeId_fkey` FOREIGN KEY (`timeId`) REFERENCES `time` (`id`) ON DELETE CASCADE ON UPDATE CASCADE
) ENGINE=InnoDB AUTO_INCREMENT=10 DEFAULT CHARSET=utf8mb4 COLLATE=utf8mb4_unicode_ci;
/*!40101 SET character_set_client = @saved_cs_client */;

--
-- Dumping data for table `timeline`
--

LOCK TABLES `timeline` WRITE;
/*!40000 ALTER TABLE `timeline` DISABLE KEYS */;
INSERT INTO `timeline` VALUES (1,'9h - 10h',2),(2,'10h - 11h',2),(3,'11h - 12h',2),(4,'14h - 15h',1),(5,'15h - 16h',1),(6,'16h - 17h',1),(7,'19h - 20h',3),(8,'20h - 21h',3),(9,'21h - 22h',3);
/*!40000 ALTER TABLE `timeline` ENABLE KEYS */;
UNLOCK TABLES;

--
-- Table structure for table `user`
--

DROP TABLE IF EXISTS `user`;
/*!40101 SET @saved_cs_client     = @@character_set_client */;
/*!50503 SET character_set_client = utf8mb4 */;
CREATE TABLE `user` (
  `id` varchar(191) COLLATE utf8mb4_unicode_ci NOT NULL,
  `email` varchar(191) COLLATE utf8mb4_unicode_ci DEFAULT NULL,
  `phone` varchar(191) COLLATE utf8mb4_unicode_ci DEFAULT NULL,
  `gender` varchar(6) COLLATE utf8mb4_unicode_ci DEFAULT NULL,
  `password` varchar(191) COLLATE utf8mb4_unicode_ci DEFAULT NULL,
  `fullName` varchar(191) COLLATE utf8mb4_unicode_ci DEFAULT NULL,
  `image` varchar(191) COLLATE utf8mb4_unicode_ci DEFAULT NULL,
  `role` enum('user','student','teacher','admin') COLLATE utf8mb4_unicode_ci NOT NULL DEFAULT 'user',
  `createdAt` datetime(3) NOT NULL DEFAULT CURRENT_TIMESTAMP(3),
  `updatedAt` datetime(3) NOT NULL,
  PRIMARY KEY (`id`),
  UNIQUE KEY `user_email_phone_key` (`email`,`phone`)
) ENGINE=InnoDB DEFAULT CHARSET=utf8mb4 COLLATE=utf8mb4_unicode_ci;
/*!40101 SET character_set_client = @saved_cs_client */;

--
-- Dumping data for table `user`
--

LOCK TABLES `user` WRITE;
/*!40000 ALTER TABLE `user` DISABLE KEYS */;
INSERT INTO `user` VALUES ('004bacf2-9122-49a7-8d41-92fc96306e38','hualapnghia@gmail.com','0909984822','Nam','$2b$10$u/0y3O4sh3j5hQ14/G6jZ.UXjNtev6Sy.VUUPQHJN/goO0.L1U8Zy','Hứa Lập Nghĩa ','imageUser-1726560330526-803204593.jpg','teacher','2024-09-17 07:41:44.692','2024-09-17 09:00:23.435'),('009b3fec-2f26-4c51-a7aa-09adebee9502','santuong@gmail.com','0985181405','nữ','$2b$10$fb5VChaih5Mvk7dNr9Nms.NAiYoYledVZwc.bOwwINZd6AxxqK5AS','Trà My ','imageUser-1726566187484-197707736.jpg','student','2024-09-17 09:42:33.276','2024-09-17 09:59:15.544'),('031fc19d-52db-42fd-8a3e-2ce7a5a0ef79','tramy@gmail.com','0941686751','nữ','$2b$10$mbPC7skv9bMMO48QwxOvu.eoW5M/GQG4F3LSQTG.jMjw8v7jaV2hO','Thúy Ngân ','imageUser-1726130403278-425671290.jpg','user','2024-09-12 08:39:05.330','2024-09-12 08:40:03.283'),('0356869f-97ba-414e-9ee8-d76ebd0e1135','tramy@gmail.com','0941686799','nữ','$2b$10$FFWverduP5mUO5GGzfV9Geb38qVRagaXjHX2v75/FiyGM79HtUp/O','Trang Trần Nguyễn ','imageUser-1726136435471-176158113.jpg','user','2024-09-12 10:19:56.024','2024-09-12 10:20:35.476'),('06539687-0764-4eef-a9ae-32f858471914','tramy@gmail.com','0941686749','nữ','$2b$10$L6KWotEsqulZT5o1gGTpQe8G4B.DvXpUW827b/tmgWVaopD9/euPO','Thúy Quỳnh Vũ ','imageUser-1726130129949-779905750.jpg','user','2024-09-12 08:34:57.942','2024-09-12 08:35:29.960'),('07112e1d-7e46-4b80-a3ed-61ae07890273','tramy@gmail.com','0918137627','nữ','$2b$10$ua6NKDBqwkQt4SJFTl7W8ustXshdhZzVSwb04ZjW9zBBOpCWJkLbW','Hồng Tiên Lê','imageUser-1726212761332-881157556.jpg','user','2024-09-13 07:31:13.862','2024-09-13 07:32:41.376'),('07c88d9f-bb53-4b90-ba4e-6b64f994076c','tramy@gmail.com','0918137621','nam','$2b$10$Mhl3L.UQmtVVOec8XckWye5ydfnHlepesrf.SNUzkRu0U0YS2WNJq','Phạm Anh Duy ','imageUser-1726211805674-75495450.jpg','user','2024-09-13 07:15:07.373','2024-09-13 07:18:10.890'),('082122bc-9ff8-413c-a79b-c09c0f22431f','tramy@gmail.com','0918137637','nam','$2b$10$9QLxnaX6CRmY9tEEd46r2OM2nMlXkzREIaLRhj3er2YN2QKVCsl.G','Trung Phúc ','imageUser-1726214238920-499993802.jpg','user','2024-09-13 07:56:00.084','2024-09-13 07:57:18.932'),('096c6f32-f86d-4e3d-8be1-69bf164672d7','santuong@gmail.com','0985181403','nữ','$2b$10$D0xUe1ahla107HrgeHOgROv7tKNqYTe0alsgD4nQcfEchLlZHI05.','Trúc Phương Nguyễn Đỗ ','imageUser-1726563849840-466151568.jpg','student','2024-09-17 09:03:14.803','2024-09-17 09:37:38.068'),('0edfa5d7-3161-4de7-8d20-23a5a2272497','tramy@gmail.com','0918137659','nam','$2b$10$Sl3W..qekZizlKwHmESE1uXX2dloIjaBcBQk9J1t97bOW07tGlJu2','Ngô Phước Thịnh ','imageUser-1726217931847-777011997.jpg','user','2024-09-13 08:58:18.145','2024-09-13 08:58:51.856'),('0f38dd8d-65c2-42a5-a1f8-a91c65cfd2e1','tramy@gmail.com','0918137616','nữ','$2b$10$d7gJZmAoM7iXMOOfoaBJ8e8RB0Lmx3qSGmzHty8X/PCdPz1cmJkVa','Lê Thị Hồng Lan ','imageUser-1726210867275-483397483.jpg','user','2024-09-13 06:58:42.193','2024-09-13 07:01:07.286'),('0f9d2e52-a0dd-4d30-ab54-a271f5c88b29','tramy@gmail.com','0941686782','nữ','$2b$10$ZcG6E8AS/bVFJ2c4UAZ62eWwE.M57C4sRGKeIgvAFxCw7ou2y8bii','Trần Thị Kim ','imageUser-1726198142093-924792741.jpg','user','2024-09-13 03:26:59.288','2024-09-13 03:29:02.142'),('10ce1feb-2fd6-48a6-b797-993f273e78b9','tramy@gmail.com','0941686739','nữ','$2b$10$UBxj.BbnTQSeNErHTw6BxOYP7SjSOXNrImU3PV9hYMtfoljXJnq4e','Vy Nguyen ','imageUser-1726128652012-68232623.jpg','user','2024-09-12 08:09:50.863','2024-09-12 08:10:52.023'),('1364a982-1e69-475f-9d31-3c6ecfd680ba','tramy@gmail.com','0941686719','nam','$2b$10$ETh/3cUkVwU6KwydMDXWsOPHqLaTMLuKUG90e1Gcrm/sCdOLHNXDO','thienminh2504 ','imageUser-1726133945231-340456180.jpg','user','2024-09-12 09:37:49.318','2024-09-12 09:39:05.245'),('1597d8f0-57c8-46be-b7a2-efd1e1d4c078','tramy@gmail.com','0941686747','nữ','$2b$10$KXi7vCWS9/VCDbyD6j0PdeZpVqfGrxbqiQuUDScu5p4fPVfExbXmO','Trúc Anh Lê ','imageUser-1726129779666-21311501.jpg','user','2024-09-12 08:28:43.729','2024-09-12 08:29:39.687'),('15ac8f4c-6156-489f-8b1f-e788004306bb','dongthuyvy@gmail.com','0886506127','Nữ','$2b$10$jx0TdGpoOYHRuUn0QmREqeFJmg/g7ZbfP78qOkH3J3DtKMFSVu9aG','Đổng Thuý Vy','imageUser-1724683446540-19197831.jpg','teacher','2024-08-27 22:55:59.909','2024-09-17 08:48:27.702'),('17717153-92b7-489b-9881-91e36e7d3721','tramy@gmail.com','0918137612','nữ','$2b$10$XJBE6h17jxFS.4JcHcPQyesxMGRUuKkMFFkFTMbI86DOQSJpwdtKy','Đỗ Thanh Trúc ','imageUser-1726210163036-140917327.jpg','user','2024-09-13 06:48:36.992','2024-09-13 06:49:23.044'),('1ae99418-32ea-4862-b897-badc73c6c913','tramy@gmail.com','0941686785','nữ','$2b$10$AaSTZJ1MVD4de6YvSE4LcOPsTrpITocJ1ZX4tDZSQZ3XJRpl9D6uK','Tiểu Vy ','imageUser-1726197738662-283583606.jpg','user','2024-09-13 03:20:58.161','2024-09-13 03:22:18.713'),('1ba7a536-21e5-4f16-a1f7-0521c93c9e59','tramy@gmail.com','0918137640','nữ','$2b$10$d00QZXMXDPyU24a2BuoD.uei5Og8oJEWv9L9449J3EB1VqwfUPoey','Phạm Như Anh ','imageUser-1726214753168-419648254.jpg','user','2024-09-13 08:04:47.081','2024-09-13 08:05:53.177'),('1ca8b5d7-33c6-48ac-92ee-7ac5b3337cdb','tramy@gmail.com','0918137639','nam','$2b$10$/GMM15SBq9B./Gj/rUvZBOiuwGGhZ4di06y/oJIGwBS6uA0jpqjA.','Đặng Thành An ','imageUser-1726214471484-427446563.jpg','user','2024-09-13 08:00:20.221','2024-09-13 08:01:11.529'),('1d4cc638-d3d7-49d6-98bf-4f6c4cecb9bc','tramy@gmail.com','0941686713','nữ','$2b$10$Z0pBZ9GpCdevGj2hTuDx3OjHY6/sjqzKX1mUknoVzwQd7UfTEabuW','Ngọc Liên Lê ','imageUser-1726133324602-69874660.jpg','user','2024-09-12 09:28:09.191','2024-09-12 09:28:44.610'),('2137143b-b1af-4822-8b68-2f0476bff1f7','tramy@gmail.com','0918137600','nữ','$2b$10$IYaEM1IRem5kGwDuzCTuWuDXLP2EaLQw5JEm6Xp6GJodSX.n2bRTK','Triệu Vy ','imageUser-1726201639566-235577770.jpg','user','2024-09-13 04:25:55.929','2024-09-13 04:27:19.618'),('21a8a764-2188-49b7-b8c2-ab67bf4c59a7','tramy@gmail.com','0918137651','nữ','$2b$10$nqUdAgGpQNe8WJnMPICNNud5glAcIhkO0NlXiuKdWNH5oz6cmA7kq','Bạch Dương ','imageUser-1726216820169-742460486.jpg','user','2024-09-13 08:37:50.726','2024-09-13 08:40:20.181'),('264bc971-8197-4c64-9894-c87a362b275d','tramy@gmail.com','0941686787','nữ','$2b$10$Lkq1h8kSc97CB0CrpNp/D..iwWhxT5m7J/lwCTrHgdxk7N2XBM9UW','lê thị khanh ','imageUser-1726195920240-45981538.jpg','user','2024-09-13 02:51:21.158','2024-09-13 02:52:00.245'),('2840e89e-828d-4107-acf5-786f3484c4f1','tramy@gmail.com','0918137615','nam','$2b$10$XeVJo128OwELghEodJdVguv5rCp.Vg8F.ELLPnJGYfdkZ8FuFS1wq','Phúc Thịnh ','imageUser-1726210704859-594553228.jpg','user','2024-09-13 06:57:06.086','2024-09-13 06:58:24.870'),('2944f408-a2ca-401a-bc4e-f42f05757a46','tramy@gmail.com','0941686794','nam','$2b$10$ArZLKhf5G/Q9SQyqAA9UxeErO0Tu65v0X33NgLIBFaprDdvP2DLfq','Phạm Bảo Khang ','imageUser-1726194186029-841000878.jpg','user','2024-09-13 02:22:12.092','2024-09-13 02:23:06.036'),('2a7c2486-51ce-422a-9c0a-f0cc93563ddf','trankimhoang@gmail.com','090 998 48 22','Nam','$2b$10$jx0TdGpoOYHRuUn0QmREqeFJmg/g7ZbfP78qOkH3J3DtKMFSVu9aG','Trần Kim Hoàng','detail-giao-vien.png','teacher','2024-08-27 22:55:59.914','2024-09-16 08:04:07.767'),('2b05260c-b113-4153-8e31-2912251fcc2a','tramy@gmail.com','0941686745','nữ','$2b$10$lWyaR76SGJ./3VXlvLKZl.vMG7aC1UTBbBn6vEJj2Y2ayUGCD38bO','Thanh Ngân ','imageUser-1726129413213-756687756.jpg','user','2024-09-12 08:22:56.304','2024-09-12 08:23:33.222'),('2c667d19-76f5-41a8-838b-9711ef0b8a83','nguyenminhman@gmail.com','090 998 48 22','Nam','$2b$10$jx0TdGpoOYHRuUn0QmREqeFJmg/g7ZbfP78qOkH3J3DtKMFSVu9aG','Nguyễn Minh Mẫn','detail-giao-vien.png','teacher','2024-08-27 22:55:59.917','2024-09-16 08:05:32.495'),('2dc32c18-4881-4d4f-ae28-86adb83197ec','tramy@gmail.com','0918137646','nữ','$2b$10$sxA0k8jBw3S0JHJVuN.NbugRxsCSsApGUGQif.LFn4kJsPGV666VG','thuyquyen35','imageUser-1726216004154-352312352.jpg','user','2024-09-13 08:25:46.206','2024-09-13 08:26:44.164'),('2dd7d152-f1ed-4c38-a714-26b04929141c','tramy@gmail.com','0941686709','nam','$2b$10$pkP2NOcpI2RJP.7Z2kbl9Ogai21Xfs5ARC9O7IJUge7/Cbc42hvPy','Thành Nhân ','imageUser-1726136254704-688734215.jpg','user','2024-09-12 10:16:38.188','2024-09-12 10:17:34.719'),('2dda4003-64f0-4fc8-987b-b271897d78a8','tramy@gmail.com','0941686734','nữ','$2b$10$BZSA4pfa5611heqe7Krd/OeSgsmCJJdwwEOBDt0Oh8kHkIub0LfSa','Uyên Phương ','imageUser-1726127495358-847336691.jpg','user','2024-09-12 07:51:02.103','2024-09-12 07:51:35.366'),('2f05ec70-47a7-4a91-87d9-105db8ba0e36','tramy@gmail.com','0941686733','nữ','$2b$10$q3L6tBsOoAwFIUsSDumQeuTAhP7wc84HTEvbiBWEXq58ksmQsr80m','anh thy ','imageUser-1726127645843-653179932.jpg','user','2024-09-12 07:52:54.653','2024-09-12 07:54:05.869'),('2fa67b19-54f3-4dff-a38e-cb6818a13eb5','tramy@gmail.com','0918137618','nữ','$2b$10$ntmLcjQ4VadRCAEV5nqGCenjyuUGCTUISjrbipfPGU5oY5mKmAQwS','Khánh Linh Bùi ','imageUser-1726211487441-908829185.jpg','user','2024-09-13 07:04:30.147','2024-09-13 07:11:27.453'),('30e0b400-818e-4824-ba0d-dda67291f5b4','luukientam@gmail.com','0936688327','Nam','$2b$10$jx0TdGpoOYHRuUn0QmREqeFJmg/g7ZbfP78qOkH3J3DtKMFSVu9aG','Lưu Kiến Tâm','detail-giao-vien.png','teacher','2024-08-27 22:55:59.920','2024-09-17 07:42:45.815'),('34993245-edfb-4213-9acd-9aa2fc2389e6','tramy@gmail.com','0918137644','nữ','$2b$10$3iuWTfR0HqvFRhsFeU7Cu.L7uvTQBKkcLzxMdmmzj/7Rsa6FWMCvK','Dương Thị Thúy Liễu ','imageUser-1726215537465-410556279.jpg','user','2024-09-13 08:16:53.290','2024-09-13 08:22:02.998'),('3499af77-51de-437e-a943-95b58c78577c','tramy@gmail.com','0918137613','nữ','$2b$10$ftGGjsL0Lu0iofnbEVX7suzVaPSsuwcxS7aCAViYqKZjjD5QpMoaq','26thang6','imageUser-1726210273240-450564123.jpg','user','2024-09-13 06:50:25.133','2024-09-13 06:51:43.185'),('38d621b2-081c-44a3-b4cd-3bff74a6ee41','phanquangchieu@gmail.com','0963244822','Nam','$2b$10$jx0TdGpoOYHRuUn0QmREqeFJmg/g7ZbfP78qOkH3J3DtKMFSVu9aG','CEO ',NULL,'admin','2024-08-27 22:55:59.923','2024-08-27 22:55:59.923'),('39ba9225-a808-4110-acf2-3f1e0073120b','tramy@gmail.com','0918137630','nữ','$2b$10$doSyvhNnp.HHpXddc2FuS.W4QQr7zp5isDsEBLmRTm5zrRT5iu1fu','Thiên Hương ','imageUser-1726213347629-365218267.jpg','user','2024-09-13 07:41:41.861','2024-09-13 07:42:27.636'),('3b5e4693-5bf8-42d0-9f9f-067bcc1680a0','nguyengiangngoc2002@gmail.com','0982611427','Nữ','$2b$10$nd5221L6445jrQ07Ag/EGeT1sAghlq5Wf55lcrEnY6W4533Ruu/ZW','Nguyễn Giáng Ngọc','imageUser-1726127972533-860078608.jpg','teacher','2024-08-29 10:13:02.149','2024-09-16 08:08:30.165'),('3e3d34d2-06a8-4dbc-a9ef-06253dc7968a','tranthuhang@gmail.com','0985181401','nữ','$2b$10$9jJxGOsSHhr4l4DIqOE0aehEfkU6POvmbviLx0y0ZXOf3E/75jvXW','Truc Anh ','imageUser-1726561624934-497263743.jpg','user','2024-09-17 08:26:04.596','2024-09-17 08:34:17.694'),('40a98548-c102-4677-b94d-8c8554d61780','tramy@gmail.com','0941686720','nữ','$2b$10$6uMOS/srsb/.eHciUOaxge4rvkushibDrkzWDhaJqRp3k4n3b6EQe','Khánh Huyền Cao ','imageUser-1726132839249-55441967.jpg','user','2024-09-12 09:19:29.575','2024-09-12 09:20:39.300'),('4212ad9c-17a1-4388-8278-bdc5819c148d','tramy@gmail.com','0332819051','Nữ','$2b$10$ZhW5AqbJrjiaCPZEjW1tf.Zp2RnwBi7pwNDmT1.ayhKVC76Yr.VbK','Trà My ','','admin','2024-08-29 13:20:58.242','2024-08-29 13:20:58.242'),('439d0441-90bf-4ff2-b60b-797400ccdd00',NULL,'0982181402',NULL,'$2b$10$DqkBzYhw4qsXMmyJULE3Vu18wFlNa3saiqHU/TSLR1Bq/tic6PHr.',NULL,NULL,'user','2024-09-17 08:34:35.748','2024-09-17 08:34:35.748'),('4457169e-4e9c-458d-be48-77660595f9e2','tramy@gmail.com','0941686753','nữ','$2b$10$9ZIYSEHK8L4fadOEjcY1F.SuYT1X6HAanFxAANH0ddXPnaPN6EXmq','Ngọc Hằng Phùng ','imageUser-1726130690539-545146226.jpg','user','2024-09-12 08:43:50.293','2024-09-12 08:44:50.552'),('461dc2bf-d60b-45cd-8a23-ff8c1abb3d88','tramy@gmail.com','0941686743','nữ','$2b$10$LVAC/jg46wQvviHOqB5KSe3Y6J8JuRmnZlzAqy.4J905DbC2H4tKK','ánh ngọc ','imageUser-1726129111598-88243703.jpg','user','2024-09-12 08:17:46.116','2024-09-12 08:18:31.643'),('471f16ad-7a1b-4cfe-9b51-9634068f7523','tramy@gmail.com','0941686792','nữ','$2b$10$nK44CVVBUlKPw1Zvd/P1Bu7fAC8cH.S9UIv7rEhnR9lFYOVmVEUn6','Halinhneee ','imageUser-1726194490168-736615880.jpg','user','2024-09-13 02:26:22.500','2024-09-13 02:28:10.212'),('47d4cc2c-49da-45c0-a58a-f3f77ecc1ddd','tramy@gmail.com','0941686789','nữ','$2b$10$k.7fF/5ekVEOmhAy8qc9KudMy1yj9xPzRZ5ASWyhXId1jLvXui74i','Trần Anh Thư ','imageUser-1726195329138-919090733.jpg','user','2024-09-13 02:41:27.131','2024-09-13 02:42:09.189'),('48cd79b5-137a-401e-a115-27205d7fc316','tramy@gmail.com','0941686701','nữ','$2b$10$6zZoZBuqBUTp1/QwxaULx.Mc0p1CIvIKHUhrnW8F8VuKPoH1vEAaK','huỳnh nhey ','imageUser-1726134073326-498109955.jpg','user','2024-09-12 09:40:17.268','2024-09-12 09:41:13.337'),('48ea7aa4-7b00-4fa8-902e-37c3976b889b','santuong@gmail.com','0985181408','nữ','$2b$10$4KVSfxzxCJQdsOeuIWF6CeO2NsG0kmEibDw2Qnt4Hj4sU02nLFRM2','Thúy Ngân Lê ','imageUser-1726567759267-114295419.jpg','student','2024-09-17 10:08:29.924','2024-09-17 10:09:35.238'),('4b6dfd62-79de-4ff6-91bb-cc1f2b4d5f38','tramy@gmail.com','0941686711','nữ','$2b$10$eQ1IOMHe/14deXvNoewoEOerw29tlU8iNjHvQb9q/fNMiW6lGHFAa','Thiên Trang ','imageUser-1726133121432-112939088.jpg','user','2024-09-12 09:24:31.335','2024-09-12 09:25:21.439'),('4c836f52-c2e7-442c-a2f0-4ee1782cc63f','tramy@gmail.com','0918137638','nữ','$2b$10$mLuBINM2HJjAFiNmdXKDL.s7r8Vq3POjQNpYvt4wBteB1wC/Lkjvu','baohanne_07','imageUser-1726214358669-707797127.jpg','user','2024-09-13 07:58:24.988','2024-09-13 07:59:18.680'),('4eafb91d-55d5-4e43-a13d-b2473021740b','thaichanthan@gmail.com','00000000000','Nam','$2b$10$jx0TdGpoOYHRuUn0QmREqeFJmg/g7ZbfP78qOkH3J3DtKMFSVu9aG','Thái Chấn Thanh','detail-giao-vien.png','teacher','2024-08-27 22:55:59.926','2024-09-16 08:06:05.812'),('4ec187e5-da50-41c4-b597-03ee58e49189','santuong@gmail.com','0985181411','nữ','$2b$10$Zn.QT3BFbfBNShjILMh3Ee0YC6WPXvWK84vWp1VIdRwulgAT6Lyky','Thu Thảo Hồ ','imageUser-1726568242099-586946835.jpg','student','2024-09-17 10:16:30.086','2024-09-17 10:17:35.316'),('4eebaca6-6543-46db-9ec9-022b3d3fb579','tramy@gmail.com','0941686706','nam','$2b$10$f4iVdUuRvSJfJ1i7vpDIt.0X6gw6g0cc75XAAjLHZau3wBjGwxzHG','Thịnh Trần ','imageUser-1726135496483-203654136.jpg','user','2024-09-12 10:02:14.747','2024-09-12 10:07:23.688'),('4f874b87-7d6c-4a10-948b-7a304cc3f521','tramy@gmail.com','0918137623','nữ','$2b$10$ABTElrqroeIkuF0lTioyZeAppj6vYu1MR2EYKE63v.YPwb/MuseP2','Phương Bùi ','imageUser-1726212193411-750794953.jpg','user','2024-09-13 07:21:41.113','2024-09-13 07:23:13.453'),('4fe4b78a-0c21-4fd6-b19f-e6d86514b9a6','tramy@gmail.com','0918137661','nam','$2b$10$3YxZAuNn7lh8TeZVL7XbZezS9Ni0CVM48Gs5CMxd6gDe6tEfOY9f.','Minh Thuận ','imageUser-1726218294435-453119830.jpg','user','2024-09-13 09:03:47.715','2024-09-13 09:04:54.456'),('5052888e-bb0e-4eb6-9555-43a62f488d85','tramy@gmail.com','0918137628','nữ','$2b$10$FPkaqiRkDNRTQn7UJRDX/ejW8Gig/uhlsRSIzZ9GQ5NPvuMmbsoei','Gia Phương Nguyễn Trần ','imageUser-1726212880507-998764064.jpg','user','2024-09-13 07:32:59.452','2024-09-13 07:34:40.565'),('5290adac-44c7-4924-9252-f71c7183262b','tramy@gmail.com','0941686781','nữ','$2b$10$L.xh3ixsMV2JBB0g2yvneuq16DOwNDXC69bhDKuQdaJGguH1lg.z.','Hà Thi ','imageUser-1726198907400-543468560.jpg','user','2024-09-13 03:36:44.007','2024-09-13 03:41:47.417'),('54065a13-b0bc-44ef-a01e-53a4541f6273','tramy@gmail.com','0918137601','nữ','$2b$10$Z8WzTwFEDWvedfloJGdLn.Y6KrLQja9lq11awTQRbR//KAsKQu.JS','Bảo Hà ','imageUser-1726203841222-729269914.jpg','user','2024-09-13 05:02:25.838','2024-09-13 05:15:00.353'),('542eecc5-5a88-4ead-af18-15418133fefc','tramy@gmail.com','0941686750','nam','$2b$10$Lxhs1/orA.F289fWCeoSL.HjIDg4j9cD6LMwgmrFd1ALqG0URS9FG','Trong Hieu ','imageUser-1726130266139-338540279.jpg','user','2024-09-12 08:37:01.361','2024-09-12 08:38:07.276'),('550153b8-515e-4e71-82db-3f58faf89069','trucanh@gmail.com','090 998 48 22','nữ','$2b$10$vPWKGuxPkynoKDPeebCJSuL5E1qzY6HlMA/ugsGytMzbsNQZ0/UFu','Trúc Anh ',NULL,'admin','2024-09-17 08:35:37.465','2024-09-17 08:37:38.617'),('55a668c1-ceed-4f5f-a677-7263d8e05891','tramy@gmail.com','0918137629','nam','$2b$10$UW35.5V8wlSsIR7BfLDB4.yJSmU.rrPzeFXmJd.8.zeoQG2INHUeC','minh trường nguyễn ','imageUser-1726213223479-489627884.jpg','user','2024-09-13 07:39:37.714','2024-09-13 07:40:23.487'),('5a5007af-4ddf-41ad-b22d-43964e500628','tramy@gmail.com','0941686772','nam','$2b$10$vPdEkYGIIhGUPZiRGyt1F.wx9D53gxgQ3hZoPGjMCjEfuVcHq6mAK','Trần Minh Hiếu ','imageUser-1726201250246-163350239.jpg','user','2024-09-13 04:19:30.259','2024-09-13 04:20:50.254'),('5beb9fd0-0834-40a0-8bc4-b02d35e4c383','tramy@gmail.com','0918137602','nữ','$2b$10$J4bNJyrymQCeFrce.RSBC..Mgz31aFqloIMTkI6i/Dq37GtDx1m8K','Phạm Hồng Thúy Vân ','imageUser-1726204663965-1143995.jpg','user','2024-09-13 05:15:30.892','2024-09-13 05:17:44.008'),('5e4c0907-4c7f-435c-ba76-da43df8f4337','tramy@gmail.com','0985181431','nữ','$2b$10$KMElhkAYUg9vi3BtmyeDLuHeNcUjazhXUxkDXrP90Z7HAt4YH0k06','Nguyễn Ngọc Nhi ','imageUser-1726125874059-359305936.jpg','user','2024-09-12 07:23:45.495','2024-09-12 07:24:34.066'),('5f3f0dac-c3aa-496d-af06-b33430088f50','tramy@gmail.com','0918137634','nữ','$2b$10$4hAYtdpOrIVwGSael.S3HevewaQfZuS6S1.39wHN5AUTnRQdckIQO','thn_thao','imageUser-1726213847524-836473851.jpg','user','2024-09-13 07:49:25.373','2024-09-13 07:50:47.536'),('60a7aa2d-cc45-4696-b322-159e9f814977','tramy@gmail.com','0918137653','nữ','$2b$10$PRVlcAgLDK1pibBHEhaKkutaF1yCgPnBjKd43PqWN/SWTf6R5/R76','Trần Ngọc Ánh ','imageUser-1726217250383-589116660.jpg','user','2024-09-13 08:43:33.443','2024-09-13 08:47:30.400'),('624965ae-917c-4ac9-86b5-20f8d964fe84','tramy@gmail.com','0918137635','nữ','$2b$10$92MiKgTrNET6/ikEYhRSLeINLcFhQQLd3TAhQeKT1EMnd4OFQ4MzK','lê thị diễm ','imageUser-1726213948602-75419404.jpg','user','2024-09-13 07:51:20.701','2024-09-13 07:52:28.611'),('6442f619-14a1-4790-ae7f-8ec9396e661d','tramy@gmail.com','0941686746','nam','$2b$10$FBCQAJjJx9/a22cwVUUokedmmSgoQJdL2/wKRtKZ.zmQe0il/2I.a','Quốc Thái ','imageUser-1726129584217-65231554.jpg','user','2024-09-12 08:24:51.219','2024-09-12 08:26:24.270'),('64bff182-d689-4994-86ee-55cc536a79c2','tramy@gmail.com','0918137650','nữ','$2b$10$Nty2gO1e//HSUpjuPTnjjecmVqDcde4PVN6Uiv4Svb543eKxnsIp.','Nguyễn Thị Ngọc ','imageUser-1726216601296-757433123.jpg','user','2024-09-13 08:35:40.753','2024-09-13 08:36:41.308'),('6686fa25-a71f-424a-bc5e-b32240a05a2a',NULL,'0918134657',NULL,'$2b$10$ldcMWPVt/AG3Z7euz7Dige08rxdMKO3gAoxKhQv8zU3G5cNlfjS.y',NULL,NULL,'user','2024-09-13 08:51:44.751','2024-09-13 08:51:44.751'),('66e5ecfc-f6ee-4ee7-97c2-a72be87dc866','tramy@gmail.com','0941686757','nữ','$2b$10$V.8T166wdOf1wDtzPYVlD.TShiVD2zltpRjeXHah71z8sBueo0bPK','Thuy Vy ','imageUser-1726132049789-172736385.jpg','user','2024-09-12 09:06:32.420','2024-09-12 09:07:29.799'),('671fa481-5f7d-4ca5-993a-502517b9345d','tramy@gmail.com','0985181429','nữ','$2b$10$JiaQfKNXAWqd9aHKwXB0KOXpcx30qLfOPLpV3fwPzw1y9lXPl2SuG','Wynnhi','imageUser-1726127115501-565534392.jpg','user','2024-09-12 07:31:35.131','2024-09-12 07:45:15.521'),('67976593-552d-439d-9f17-075bc3970d59','tramy@gmail.com','0941686740','nữ','$2b$10$VIz5aFoSmnbGt448GnFX3eyMXeAH3kiRaCro.iPvOoVURuN.j6FNO','Quỳnh Trang Trần ','imageUser-1726128740584-14639263.jpg','user','2024-09-12 08:11:40.210','2024-09-12 08:12:20.591'),('67a88082-b86d-4924-9515-47b6a131829d','tramy@gmail.com','0941686732','nam','$2b$10$7mOJH66V7G2ci9CkykFTteWBmiV4clsK5d512uJbhXI17iRBw1WiO','Nhật Quang ','imageUser-1726128250775-364428519.jpg','user','2024-09-12 08:03:16.124','2024-09-12 08:04:10.787'),('68ee0581-7d19-424c-8a97-e79ad9cfff96','tramy@gmail.com','0918137626','nam','$2b$10$0eIMKIiMUEASot/a9CqrxuXsj8iYlpmyOohrICZ9eK59FDQn0pSh6','Hồ Quốc Bảo ','imageUser-1726212576543-162683540.jpg','user','2024-09-13 07:29:00.465','2024-09-13 07:29:36.549'),('69f15512-0486-4a61-812d-82bd95ef211f','tramy@gmail.com','0941686770','nữ','$2b$10$RliFvV23fpQpGLDbWQW6XOnF7FA3q7izntAGuZ0T6KIvdJO8tRh7q','Thiên Ân ','imageUser-1726132627659-534528874.jpg','user','2024-09-12 09:16:23.780','2024-09-12 09:17:07.668'),('6a0ba4eb-eee4-40f5-a3ed-e560a496b2f2','tramy@gmail.com','0941686776','nữ','$2b$10$Z5XxhANVrLFXXRxIaD9TmuzcA8rZUhS./19a0V2nCj4cVWxdk00YO','Bùi Thảo Linh ','imageUser-1726200582836-357882685.jpg','user','2024-09-13 03:57:38.218','2024-09-13 04:09:42.847'),('6a912077-b240-4a7c-a4b5-b60ce95e8810','vuthimai@gmail.com','090 998 48 22','Nữ','$2b$10$jx0TdGpoOYHRuUn0QmREqeFJmg/g7ZbfP78qOkH3J3DtKMFSVu9aG','Vũ Thị Mai','detail-giao-vien.png','teacher','2024-08-27 22:55:59.930','2024-09-16 08:06:38.098'),('6cb59b35-e363-49ef-b786-c9f528df6396','tramy@gmail.com','0918137658','nữ','$2b$10$z9rE1.oca6eI52QvErBCMud8S5U.Uew3ecbZ5MMmyaBNfrQR04Z4u','Tăng Thị Bảo Trân ','imageUser-1726217711963-323939615.jpg','user','2024-09-13 08:53:55.306','2024-09-13 08:55:11.973'),('715s8c-2c45-zzcc54d40fd','topgiaovien@gmail.com','0395251176','nam','$2b$10$jx0TdGpoOYHRuUn0QmREqeFJmg/g7ZbfP78qOkH3J3DtKMFSVu9aG','Top Giáo Viên','imageUser-1724644067721-808249534.jpg','admin','2024-08-27 22:55:59.933','2024-08-27 22:55:59.933'),('71d16fdb-4dee-4d25-89a9-1505fd057674','tramy@gmail.com','0985181432','nữ','$2b$10$A8D/9hidojphI35zlySVIeSpSQE6M7taX3Is6q7XGP/kENmcMjt5a','Phuong Uyen Do ','imageUser-1726125738372-764573510.jpg','user','2024-09-12 07:21:32.392','2024-09-12 07:22:18.399'),('72af1581-e8fb-41b9-a0cc-c7ade406de49','tungalyson1997@gmail.com','0522 460762','nữ','$2b$10$4v9gSOJVnzsfpECDbdmNJe9cQOWj0X5riZe4DcOSEKX4UPmBbloMe','tùng sơn',NULL,'student','2024-09-17 09:52:56.406','2024-09-17 09:58:07.245'),('73594f85-420b-4a6b-bcc2-a17d8497a90f','tramy@gmail.com','0918137620','nữ','$2b$10$wRIseipyTZIUB0m467N2ZeGXCG9T08m12Ej8LxcfWBrPUOP0vv8HG','Thiên Trúc ','imageUser-1726211646818-952447924.jpg','user','2024-09-13 07:13:29.686','2024-09-13 07:14:06.827'),('7528dfbe-1497-480d-a971-f2a971acbcf6','tramy@gmail.com','0941686702','nữ','$2b$10$g41b7HMgYQbzFf2s4nlQpexLpJ0Om0CIhYucaHWjHfStxTjmgJrWi','Đào Phương Anh ','imageUser-1726134342841-243790041.jpg','user','2024-09-12 09:44:23.280','2024-09-12 09:45:42.850'),('75eaf8af-a904-4782-88ab-bf030636bce2','tramy@gmail.com','0918137657','nữ','$2b$10$Mfw1A2blloSxC/GiWhyqIOKbfheQ1gC9Y..eXZMT8Vn/B0dx9wA4K','empecute','imageUser-1726217582743-82801784.jpg','user','2024-09-13 08:52:30.711','2024-09-13 08:53:02.751'),('7b496050-70a6-4936-826a-16bf7dc16361',NULL,'0918137624',NULL,'$2b$10$J7zR.7o9sL7.awryL1IQDeABA1OvRGCqWDFDfK5NlfwwwKZo/U/Ry',NULL,NULL,'user','2024-09-13 07:23:57.168','2024-09-13 07:23:57.168'),('7d060f04-812f-4ca9-8517-07d90dce7449',NULL,'0941686779',NULL,'$2b$10$cc/W6ppzWKrzOVeIWKcn5uDNjOr0fxa.dZuNugmUUdGyQdysRDReW',NULL,NULL,'user','2024-09-13 03:44:03.949','2024-09-13 03:44:03.949'),('7ef504f3-5b2d-43cd-a0dd-7a4be4431f2a','tramy@gmail.com','0918137614','nam','$2b$10$FlwpIFyz.vEvK/dGrLICV.B7PP.anFRKFNv4Ergl/Yhajvhit6nUG','Hoàng Nam ','imageUser-1726210409567-112346923.jpg','user','2024-09-13 06:52:38.301','2024-09-13 06:56:48.041'),('8150b742-5751-4701-b700-b59aedc82f78','tramy@gmail.com','0918137647','nam','$2b$10$YlNulkqbFQX6ZN4TSB.HXuG1vQ.t6B3N6VuT3wC7yTk3qdnlcQ33y','Đức Anh Phạm ','imageUser-1726216110725-311013945.jpg','user','2024-09-13 08:27:37.045','2024-09-13 08:28:30.731'),('8314c637-0cdf-47af-bfc3-df6ec4a0b5f3','tramy@gmail.com','0985181428','nam','$2b$10$yF8sAlR7VGftoKQLQWCipOD5hNnyeCe/bCVuB4.QzV7xrA06LcJBq','Trí Trần ','imageUser-1726127270942-99134709.jpg','user','2024-09-12 07:46:46.259','2024-09-12 07:47:50.954'),('835540582018734','trungpyyy@gmail.com','0886506127','nam','$2b$10$jx0TdGpoOYHRuUn0QmREqeFJmg/g7ZbfP78qOkH3J3DtKMFSVu9aG','Nguyễn Thành Trung','Nguyễn Thành Trung1724681664217-933932002.jpg','user','2024-08-27 22:55:59.937','2024-08-27 22:55:59.937'),('841d3168-e598-4bf3-96fa-c84f8cf25080',NULL,'0909984822',NULL,'$2b$10$jx0TdGpoOYHRuUn0QmREqeFJmg/g7ZbfP78qOkH3J3DtKMFSVu9aG',NULL,NULL,'user','2024-08-27 22:55:59.940','2024-08-27 22:55:59.940'),('8838082d-c9c1-4ae3-b57a-1f61b9e5330b','tranthuhang@gmail.com','090 998 48 22','Nữ','$2b$10$jx0TdGpoOYHRuUn0QmREqeFJmg/g7ZbfP78qOkH3J3DtKMFSVu9aG','Trần Thu Hằng','detail-giao-vien.png','teacher','2024-08-27 22:55:59.943','2024-09-17 07:39:30.924'),('8e539c9b-f4a0-4fe8-a149-8ef675f1b94a','tramy@gmail.com','0941686797','nữ','$2b$10$Vpg9j8BRPRU0e1e91Dcm2.hXoQmu.1d.hLfKcDLbISF5DJ0D5Zm8e','Linh Lương ','imageUser-1726192862472-221012393.jpg','user','2024-09-13 01:59:31.412','2024-09-13 02:01:02.479'),('9090d85d-feab-4cad-945e-509601f70c99','tramy@gmail.com','0941686738','nam','$2b$10$WUlS81Mna08emAp6ucbDAeCRSHIfVjW/nKsyFebX1thwPSW1WQa8O','Chí Thiện','imageUser-1726128552879-101077531.jpg','user','2024-09-12 08:08:24.467','2024-09-12 08:09:12.886'),('909a7cb9-208d-4cb4-bcf5-29f0eeff9d98','tramy@gmail.com','0941686715','nam','$2b$10$bhWt8HyHkl8128WZ67pNOeCo1rYscwW.BhRM7RMejmSu4v1XIiESC','Phúc Minh ','imageUser-1726133580949-185311468.jpg','user','2024-09-12 09:32:02.006','2024-09-12 09:33:00.958'),('943aea2b-b01a-4bc4-a6ff-4e7fbfaf3917',NULL,'0123456789',NULL,'$2b$10$t9Ac/PW1zdfU/U.cmBc/qu4tIQwrVHVZiZdRZ9lAcqK8RlUcxhJme',NULL,NULL,'user','2024-09-12 07:01:46.371','2024-09-12 07:01:46.371'),('94545703-1cca-4abe-b927-715ace3caaaa','tramy@gmail.com','0918137619','nam','$2b$10$aPVW1g3vWJ5.O/O5PjW6w.abE9Y0tCdkUZMwp7WHsEIlCyCG91qRC','Vũ Khang ','imageUser-1726211566511-360910760.jpg','user','2024-09-13 07:12:14.988','2024-09-13 07:12:46.554'),('94ba3511-b1af-4300-8260-7a81eb944380','tramy@gmail.com','0918137662','nữ','$2b$10$0VMEjiVjoXsV9P1wDUpCmeztAmGtrhCXlk/jTBnphfeKY6b5BD/pe','Tường Linh Đặng ','imageUser-1726218541977-69179591.jpg','user','2024-09-13 09:07:49.791','2024-09-13 09:09:01.986'),('98d90a09-9a68-4336-9d89-50c877671441','tramy@gmail.com','0941686798','nữ','$2b$10$fCnb2uRFWMZktu8TCMw4V.jMJbHxpPRQr1rC2TOIQcrk83tdAaIGW','phunnhung ','imageUser-1726136592007-51222479.jpg','user','2024-09-12 10:22:13.388','2024-09-12 10:23:12.012'),('99663648-13c2-4c63-8760-dfc5442cf321',NULL,'0985181402',NULL,'$2b$10$5215.GM0T9LLUh8nLxdxROigsi0PZBFYtkJp7iiZ3s1w9yc8764FK',NULL,NULL,'user','2024-09-17 08:35:18.320','2024-09-17 08:35:18.320'),('9a5775aa-ccae-4819-864d-5b9964463740','tramy@gmail.com','0941686744','nữ','$2b$10$ocphb78TxRyU0Q4Iukfg9ek16Nj/6h9209Ds8bZDpGSRIKBheT146','Bảo Nhi ','imageUser-1726129269241-129167057.jpg','user','2024-09-12 08:20:05.044','2024-09-12 08:21:09.261'),('9daba937-524f-49d7-b00d-51db05631c18','tramy@gmail.com','0941686796','nam','$2b$10$VvucvRbWrnCfmozjg0wGBeDvcpQNMVE8TK.wYKa/UdYB2c2.qVMnG','Ngoc Huy Phung ','imageUser-1726193071026-773696802.jpg','user','2024-09-13 02:02:11.121','2024-09-13 02:04:31.032'),('9dfe5b26-9276-46fe-8882-1dd4c70b8c2d','tramy@gmail.com','0941686784','nam','$2b$10$8umWQ1jRC5PG5TLRwC.doOLfecqVEHO6V9MEN1Pd0MoJDUeHwFhZ2','Thái Thịnh Vũ ','imageUser-1726197832188-473451466.jpg','user','2024-09-13 03:22:55.724','2024-09-13 03:23:52.197'),('9f9a17c5-e754b7d197','dotuongphuonguyen@gmail.com','090 998 48 22','Nữ','$2b$10$jx0TdGpoOYHRuUn0QmREqeFJmg/g7ZbfP78qOkH3J3DtKMFSVu9aG','Đỗ Tường Phương Uyên','detail-giao-vien.png','teacher','2024-08-27 22:55:59.946','2024-09-12 08:31:55.706'),('9f9a17c5-e75f-4c7b-9408-44b404b7d197','lenhatlam@gmail.com','090 998 48 22','Nam','$2b$10$jx0TdGpoOYHRuUn0QmREqeFJmg/g7ZbfP78qOkH3J3DtKMFSVu9aG','Lê Nhật Lam','detail-giao-vien.png','teacher','2024-08-27 22:55:59.949','2024-09-17 08:27:29.214'),('a0ed36ef-1694-44de-8983-78369ea359f8','tramy@gmail.com','0941686790','nữ','$2b$10$NOSN4i2KhFE5t2w1t3jVZeMTE3XtwMwLtOsVv6i4TjhmoHpYEWkCa','quynquyn21','imageUser-1726194815189-616810955.jpg','user','2024-09-13 02:32:52.143','2024-09-13 02:33:35.199'),('a1ed9746-4d3f-4e25-98d9-ead6ac35b313','tramy@gmail.com','0941686736','nữ','$2b$10$qmgT2lzyFX1vkqViNQTPl.QuECjgrjDWM1eJm6r/MlAh2/qNNcSUO','Phương Vy','imageUser-1726125353821-850022054.jpg','user','2024-09-12 07:14:17.441','2024-09-12 07:15:53.842'),('a2313647-d2d9-4044-9181-e34667d08c70','tramy@gmail.com','0918137636','nữ','$2b$10$P/SYOdKLXpxvb5qcW4dThebKmtIcEPFL.KymDWYUvaP/v4OIg.4.G','Lâm Nguyễn Anh Thy ','imageUser-1726214095844-432301124.jpg','user','2024-09-13 07:53:34.930','2024-09-13 07:54:55.888'),('a5293171-19c3-4250-89da-9dd454fca4ef','tramy@gmail.com','0918137645','nữ','$2b$10$ut7RQMGcDHA1kPu4vc7IquydoxkvdlJcygYMAHboW9iMWdBK.P50e','Như Mai ','imageUser-1726215826975-23060430.jpg','user','2024-09-13 08:23:05.493','2024-09-13 08:23:46.993'),('a635b971-927c-4801-9bde-dd03053b1f04','tramy@gmail.com','0941686707','nữ','$2b$10$YM4GvVFNGL3yuhSlJj8sT.rCP.e5nwevgsZhDmLz8epJlfKohJTKq','Thiên Kim Huỳnh ','imageUser-1726135779123-132038500.jpg','user','2024-09-12 10:07:59.677','2024-09-12 10:09:39.138'),('a74eda9f-4465-4e46-8d94-67fdb2fe3a78','santuong@gmail.com','0985181404','nam','$2b$10$bXcnGg0y6lzfbVdS24unH.r0gXKCrN.TaI16zXPsfTy2SfHqgHxf6','Phan Văn Đông ','imageUser-1726565996071-682921881.jpg','student','2024-09-17 09:39:17.227','2024-09-17 09:41:28.244'),('ab38035f-abf0-4da2-8938-e23291574ac5','tramy@gmail.com','0941686756','nữ','$2b$10$v2lCToxTvIU561AP398omeJjQndJn0I5CwTfJwTGCTjkdpSCqKvR6','Hoàng Nhung ','imageUser-1726131904554-699165387.jpg','user','2024-09-12 09:03:41.353','2024-09-12 09:05:04.562'),('abfa2702-a104-411f-a6ab-149cf2b1198e','tramy@gmail.com','0941686700','nữ','$2b$10$wpXtJpV6pl.tsILtKhiqEe2COZskGSPBlAU9Wzn1seVqEt1X8RynC','Võ Thị Thảo My ','imageUser-1726201514957-964053455.jpg','user','2024-09-13 04:23:21.356','2024-09-13 04:25:14.968'),('ad8cd43a-5d97-4cc2-a6f5-22bd93dbc7cf','tramy@gmail.com','0985181406','nữ','$2b$10$QcKu0n7eLoKFxCLtrB3xDe6g6Khn21Z81pbgTDMbx1734g.BfsxC6','Thanh Mai ','imageUser-1726567477727-329001924.jpg','student','2024-09-17 10:04:06.442','2024-09-17 10:04:56.247'),('ada68fe8-798a-4d4e-8d84-72e5b602c866','hoangfvuong36@gmail.com','0522 460762','nam','$2b$10$JIz8/9eXU27t.T1d5z1nGOgLeydxxtCE0SKlZRDDrCdhWyoE1WbUS','hoangvuong36',NULL,'student','2024-09-17 10:00:29.451','2024-09-17 10:01:54.329'),('afa17b0a-7aa4-49e8-bd0a-c990521074d6','tramy@gmail.com','0918137652','nam','$2b$10$hzvAVoRyWHMm2o3Rwgf7RuFNMQqln.z487pV9L9UjOBpUpOimdEQK','Nguyễn Thanh Tùng ','imageUser-1726216948233-577241650.jpg','user','2024-09-13 08:41:01.552','2024-09-13 08:42:28.242'),('b0538ef0-294b-427b-99df-b2c4bb91b568','trungpyy@gmail.com','0886506127','nam','$2b$10$jx0TdGpoOYHRuUn0QmREqeFJmg/g7ZbfP78qOkH3J3DtKMFSVu9aG','Trung Thành','Trung Thành1724681745650-997952736.jpg','user','2024-08-27 22:55:59.951','2024-08-27 22:55:59.951'),('b0ac5baa-0d46-4bc4-9ee9-5062f9dacc10','tramy@gmail.com','0918137622','nam','$2b$10$b0wMtKBeC9Ifnt5EUp8/peA2LBU7tmXoW5OPENled4U7Y3SGkYgwa','Anh Huy Trần ','imageUser-1726212020282-368217676.jpg','user','2024-09-13 07:19:02.181','2024-09-13 07:21:08.416'),('b1e21876-0d1a-4ec3-8984-b686a49c17ba','hcmdev2024@gmail.com','0395251176','nam','$2b$10$dZiqAiAM8kQlCW3IT24qg.KlKv/n8I7y4XLF22W9liLwaBI13NtPG','HCM dev','HCM dev1726562086090-710512482.jpg','student','2024-09-17 08:34:46.159','2024-09-17 08:40:25.656'),('b25cdfb1-3d18-4766-96ce-be50b2765157','tramy@gmail.com','0941686730','nữ','$2b$10$LZGwVoJmKj9ruGH./dOZ4.0wA6NXDDGvfQ8jtNta2bzVterkqo/UK','Anh Mỹ ','imageUser-1726128428290-516443773.jpg','user','2024-09-12 08:06:23.829','2024-09-12 08:07:08.309'),('b4b1a58e-5c7a-4db4-8572-8347273b1866','tramy@gmail.com','0918137641','nữ','$2b$10$XvOGvs7qtoPWfQppnMbp..71MyutmB1ULgfM5v885UqTdt874gv42','lê thy ngọc ','imageUser-1726214852455-796310401.jpg','user','2024-09-13 08:06:49.965','2024-09-13 08:07:32.499'),('b536da5e-36d5-4342-b8d5-c5f21fdb15b4','tramy@gmail.com','0941686714','nữ','$2b$10$WQ.fowylX1Ijuk45qcDPFuwHUaZZ8pYeD5SQA7z2t1wJfRleUKQyC','phuongyun ','imageUser-1726133449366-485149287.jpg','user','2024-09-12 09:29:55.581','2024-09-12 09:30:49.377'),('b6e6328f-71bc-48c4-8e7f-1a98d3f06ce4','tramy@gmail.com','0941686793','nữ','$2b$10$8SbEl/2n8Zwvs7JL.8oEBOAeGSKp7Y2b34gKnlPknFddD8.MCP1tC','Uyên Phan ','imageUser-1726194320890-712049336.jpg','user','2024-09-13 02:24:26.447','2024-09-13 02:25:20.895'),('b70ab87c-0976-43a5-99cc-64f50a94e2ca','tramy@gmail.com','0941686703','nam','$2b$10$KdvbFUpsgNVLy0Uownl6.OxaY/N4lws.75qmqPAeCigbdOt4xUIrC','Thanh Tùng ','imageUser-1726134550830-199811035.jpg','user','2024-09-12 09:47:46.817','2024-09-12 09:49:10.853'),('b7c094a7-029d-4d67-a366-92993ae2a5d6','tramy@gmail.com','0985181434','nữ','$2b$10$cRhRk.O.wCeKRdF3M6uS4.XiS.MM7QNxsVeT8seB7NLGkjWGPWWJm','Ngọc Ngân ','imageUser-1726125483164-957818966.jpg','user','2024-09-12 07:17:18.301','2024-09-12 07:18:03.171'),('b915e57f-1a18-48e1-a8fb-f1fd15e85b56','tramy@gmail.com','0941686783','nữ','$2b$10$dd0.jtd7DHRyut2u2lL.puLlSyFPJLkbhZNrqDofJs6hf82Iobaoa','Phương Ly ','imageUser-1726197928087-365332415.jpg','user','2024-09-13 03:24:23.629','2024-09-13 03:25:28.134'),('b9b34cc5-3141-4bf5-9fec-6d089b308610','tramy@gmail.com','0941686791','nam','$2b$10$4/puiO4IbofqCRr78kanoeR4fTsHJfnf74NY5VnwhPch1r9/AnN6K','Quang Hùng ','imageUser-1726194653847-445277510.jpg','user','2024-09-13 02:29:32.162','2024-09-13 02:30:53.857'),('b9f49c4a-0497-4347-8947-a5eaeaaa7a76','tramy@gmail.com','0941686774','nam','$2b$10$xRf9xFCyX7C3ilWEpxGJi.I2v3.Tqw0D85KgBD76NkN0U9QA1BXoe','Duy Hưng ','imageUser-1726200695709-600393941.jpg','user','2024-09-13 04:10:17.294','2024-09-13 04:11:35.759'),('ba45781d-3f0b-41c3-a6ac-bb05276674fe','tramy@gmail.com','0941686760','nữ','$2b$10$1X7bsxde57nhwDSBGlRkA.FWvTjBFqcieOawnO2AFxeCLKwhEb.2C','Thu Hà ','imageUser-1726132500515-708945852.jpg','user','2024-09-12 09:13:57.904','2024-09-12 09:15:28.097'),('bcb12456-5126-4822-8c67-3174bc31653b',NULL,'0941686754',NULL,'$2b$10$/YjxNIwfQWDIEoAlFl5l6OpvkBoDLnO7eSdULivYvAMi0mVo5nKHW',NULL,NULL,'user','2024-09-12 08:46:49.476','2024-09-12 08:46:49.476'),('c02972a5-a825-41a5-9a31-9f1b27c86f90','tramy@gmail.com','0941686786','nữ','$2b$10$lxey89OpE07Chwx53.PNXu4k81kn52gbEbu6tfEvdt3/P31HOn89C','thaonguyenn_','imageUser-1726196260810-939910175.jpg','user','2024-09-13 02:56:18.421','2024-09-13 02:57:40.817'),('c03919e2-0974-43a0-8fd6-ebb3cfd84eee','vonguyencamnhung@gmail.com','0000000000','Nữ','$2b$10$jx0TdGpoOYHRuUn0QmREqeFJmg/g7ZbfP78qOkH3J3DtKMFSVu9aG','Võ Nguyễn Cẩm Nhung','detail-giao-vien.png','teacher','2024-08-27 22:55:59.954','2024-09-16 10:08:17.248'),('c1812f52-294d-4e64-a20c-e099a011faba','tramy@gmail.com','0918137610','nữ','$2b$10$3OGKvEZJUsbfxuBH.bggM.L3nhOCUy5F4V7QTSnCoCccMvXHKXbGK','thị thu thảo ','imageUser-1726209948386-604013585.jpg','user','2024-09-13 06:44:53.276','2024-09-13 06:45:48.393'),('c19cf34d-4bec-4dfe-8e06-4d440d6b9fab','santuong@gmail.com','0985181412','nam','$2b$10$B6IL7Scb04b9BpRFeEU9r.59VHOFNpJYDSRXAq0i.6pS0EeaIqbDO','Minh Trí ','imageUser-1726568383661-961675646.jpg','student','2024-09-17 10:18:25.349','2024-09-17 10:19:58.333'),('c1d2ab39-637b-4fbc-9381-af0932997465','tramy@gmail.com','0941686752','nam','$2b$10$oifWkJV8eDj4qNq1X.yxvuD5oeiXdQIqzSuhzraN14DYJEvW/LfYq','Long Nguyễn ','imageUser-1726130486708-866876225.jpg','user','2024-09-12 08:40:52.033','2024-09-12 08:41:26.758'),('c4fad1db-cb40-48d8-a67a-20f8ba496619','santuong@gmail.com','0985181407','nữ','$2b$10$/Dp7pPWbRRF2qN0AcT9IIOyrAsZRkqWVwK0DyjiYQeaoPRyAHCjEi','Hoàng Ý ','imageUser-1726567646618-249610799.jpg','student','2024-09-17 10:05:59.211','2024-09-17 10:07:38.562'),('c518d0ca-06ac-4dcf-b067-015aec6116f0','tramy@gmail.com','0941686737','nữ','$2b$10$JwfQsS1fp6s8.YjR5cPti.lx12/bdzER9RPA18YnB2CLCMIqpZCYS','Quỳnh Anh','imageUser-1726125179302-980511461.jpg','user','2024-09-12 07:03:05.266','2024-09-12 07:12:59.321'),('c90062ac-0665-432e-b409-67cc2a65d87f','tramy@gmail.com','0941686705','nam','$2b$10$z0CGEPCJ25trr6j9bXVh3eVQ5UesIv0mWhYD/o7spsuwx5z90SmdG','Quoc Bao ','imageUser-1726135091870-409333025.jpg','user','2024-09-12 09:57:13.773','2024-09-12 09:58:11.880'),('ca85782d-04ef-4793-8f8d-205f04dbc159','tramy@gmail.com','0918137606','nam','$2b$10$zIlQPbd8to1u8uKVAxcPtupQ2muj3mUqeft6Hxb8amF2cDdj6ElG6','Thiên Hào Nguyenle ','imageUser-1726205247949-111689846.jpg','user','2024-09-13 05:25:35.893','2024-09-13 05:27:27.994'),('caf44f6f-db5f-4899-8ee5-4a3195d9753a','tramy@gmail.com','0941686712','nam','$2b$10$uAPN37GoBVCH5VMccimVLu.K1fT7R6frjTTr0wZ1hrSa2zSrPTbC2','Tâm Nguyễn ','imageUser-1726133233740-436503826.jpg','user','2024-09-12 09:26:12.881','2024-09-12 09:27:13.749'),('cb125528-ecd8-4707-b825-2f9bc77a1f45','tramy@gmail.com','0941686758','nam','$2b$10$zX8tolRrpoMgdNW1cUcuh.CIDXKwjRKP.cA1gmOD045msIrotmqg2','Chí Khang Lâm ','imageUser-1726132192442-375555892.jpg','user','2024-09-12 09:09:04.422','2024-09-12 09:09:52.447'),('cb453de8-be4c-4daf-9b7b-34d5736c52f6','tramy@gmail.com','0918137660','nam','$2b$10$kSi0Ynl5DaCilXmWpzS0pec8lkGMs.wW4e6MuJ/LPt7.GZoT6RYVi','Bùi Thành Công ','imageUser-1726218157173-85078130.jpg','user','2024-09-13 09:01:52.092','2024-09-13 09:02:37.182'),('cba4ce7a-2ec7-48ac-b92d-bbc087b3a290','tramy@gmail.com','0941686731','nữ','$2b$10$f1lOt/v295/BQ8Rz6m0uf.ZHkwbqta1HLIOF4PbgPEdXZMIGFnYVq','Ánh Trần ','imageUser-1726128325583-523203097.jpg','user','2024-09-12 08:04:46.003','2024-09-12 08:05:25.628'),('cbeba42b-8972-4c4c-8166-e0c997342452','santuong@gmail.com','0985181413','nữ','$2b$10$TDD5zHCxTjXwx.AnNG0JSOTYJPmIQFwohfqihQwwdegVxodIuFCL6','Mỹ Chi Trần Nguyễn ','imageUser-1726568478228-131501825.jpg','student','2024-09-17 10:20:47.849','2024-09-17 10:21:37.237'),('cbf61b06-87eb-44df-b2eb-ed77f85c1f52','tramy@gmail.com','0941686778','nữ','$2b$10$7ptch2sIvcu7pGCuT1YQk.JSPlnyWmTCgMyjB1nm.M30S9MQPkKvy','Ánh Lê Thị ','imageUser-1726199826543-670932232.jpg','user','2024-09-13 03:51:20.217','2024-09-13 03:57:06.553'),('cf02929a-a4f7-440b-a0b6-89c02be81223','tramy@gmail.com','0985181430','nữ','$2b$10$aMLRN29b5ww9hU5uZEbSYupI8cVJCnif9Zyeo/rC4/IRS9BDa7ply','Minh Anhh','imageUser-1726126159134-478311748.jpg','user','2024-09-12 07:28:13.638','2024-09-12 07:29:19.144'),('d07eeec2-5f7f-403c-a101-2eafd5f54cf6','tramy@gmail.com','0941686704','nữ','$2b$10$Uhpjatmo.lB1vicBteYb6ePsEolIHh2gkLHgHe5mGCTKAguJZnVBO','Kỳ Duyên ','imageUser-1726134938387-67559494.jpg','user','2024-09-12 09:54:27.312','2024-09-12 09:55:38.397'),('d0e0762e-8bdb-46d4-9e3b-f1ca7257ad7b','tramy@gmail.com','0941686773','nữ','$2b$10$1W0IdS40u6ZFgP7cJH9vKubZ/YBVN7wdG3yszRbBG3vXfX0fUJ5TS','Thu Thủy Đặng ','imageUser-1726200777568-685852102.jpg','user','2024-09-13 04:11:50.731','2024-09-13 04:12:57.574'),('d112623c-136b-47f4-814d-be2200b290ca','santuong@gmail.com','090 998 48 22','nữ','$2b$10$q/vckMcUdDlbAiBWpqzqD.nbALivtdYrU3AWSKTdy4RiD73N6Ygia','bé Vy',NULL,'admin','2024-09-17 08:44:11.709','2024-09-17 09:01:26.441'),('d1351565-20f1-41e5-b2d0-304dd8a88391','tramy@gmail.com','0918137625','nữ','$2b$10$T1RrFNH8jCi5ZLo5MXG1yeKQBUxYGCz74NlvN8YGTfYG6rXzAHfBW','tziine','imageUser-1726212472100-606683853.jpg','user','2024-09-13 07:27:00.168','2024-09-13 07:28:02.309'),('d1b833aa-8307-44da-a1b1-4c6187d6afb9','tramy@gmail.com','0941686741','nam','$2b$10$sgGAz6iZzMcdXEkoqlgIQO2A3/Cs6nMTIfqtRMnxqf4DH4Fgmz1Mq','Chi Tam ','imageUser-1726128858570-231971402.jpg','user','2024-09-12 08:13:29.960','2024-09-12 08:14:18.618'),('d1cf97a3-de71-424f-a203-25d49062c569','tramy@gmail.com','0941686718','nữ','$2b$10$HEs.V1i2qp04CMc3fId79O.S73YS7SQRJM1OIMoJpQ.xvDHnN04Mu','Xuan Anh ','imageUser-1726133799735-61625253.jpg','user','2024-09-12 09:35:40.602','2024-09-12 09:36:39.750'),('d213572b-f190-40da-9027-69faeb17202c','trancaodat@gmail.com','0000000000','Nam','$2b$10$jx0TdGpoOYHRuUn0QmREqeFJmg/g7ZbfP78qOkH3J3DtKMFSVu9aG','Trần Cao Đạt','detail-giao-vien.png','teacher','2024-08-27 22:55:59.957','2024-09-16 08:07:55.132'),('d65c0f2b-c7b0-4ab8-9210-5e4b7d594b4c',NULL,'0918137611',NULL,'$2b$10$ZJySfpCu9I4xXVGCpoo4Ue4/MGbq3cijba/wbD0YIP67kgfTh2.h6',NULL,NULL,'user','2024-09-13 06:47:04.082','2024-09-13 06:47:04.082'),('d7ec1fc9-1bf4-45d4-80e9-b729d0a13699','tramy@gmail.com','0941686788','nữ','$2b$10$rGMUrn9EcLMaYJCikV6alO2U0SEY2SDMJxxnflskokdz6d5bLVZFq','phương đào ','imageUser-1726195668217-970252061.jpg','user','2024-09-13 02:46:49.291','2024-09-13 02:47:48.224'),('d8837feb-0daf-43a9-8a86-d09ee54a10a0','tramy@gmail.com','0918137617','nữ','$2b$10$7oXJ5QoS89onBd4LtZsW5OGqNj8/sU3QzoA1TaKzmhJ79HmZzN0iy','lanchi_04','imageUser-1726211015566-343521321.jpg','user','2024-09-13 07:01:50.437','2024-09-13 07:03:35.579'),('d8932244-575f-4a96-9850-5d4ae3a6c63e','tramy@gmail.com','0918137608','nữ','$2b$10$2.rfDRWoJW4nLlMLztwTBOr4A7jnWU4X.x.xsR5v9vuDM21sd2aF6','Lan Phương ','imageUser-1726209750013-136333034.jpg','user','2024-09-13 06:41:16.534','2024-09-13 06:42:30.024'),('d973e7a0-379b-411a-bcd9-4aae528bdb43','nguyenhoangy@gmail.com','0933777940','Nữ','$2b$10$Gz7xBHO1l9Biwxedu1rZ.e5PaKmalrrL.RQPsMv.DQkGzK2e/TjIC','Nguyen Thi Hoang Y','','admin','2024-08-29 09:50:14.671','2024-08-29 09:50:14.671'),('d99e1f68-f9f0-43aa-9c5e-b4719d07d5d0','tramy@gmail.com','0985181433','nam','$2b$10$172mAX9oweOBfajIsdyiGOKSxk/hwtRe8RMHr32tNuRKhhMj7yidW','Hung Anh ','imageUser-1726125601066-918942783.jpg','user','2024-09-12 07:19:20.103','2024-09-12 07:20:01.080'),('daae867d-4fd3-4a71-be19-fd3e7b4278f0','tramy@gmail.com','0918137633','nữ','$2b$10$/fHIq1zcys1MsCO2EF6BgeYUAnVU8oiXe1GdYq04l9tSVgl4LADwK','Xuân Mai ','imageUser-1726213732803-84471044.jpg','user','2024-09-13 07:47:36.352','2024-09-13 07:48:52.809'),('dbf706d1-f720-46fe-a431-5f96422c27ce','tramy@gmail.com','0941686735','nam','$2b$10$CslFA7VGMQyhEWP071O/iuoglAy1IPfLt9wGaBjirdXiRm4HRl/KS','Hùng Huỳnh ','imageUser-1726127378586-944383081.jpg','user','2024-09-12 07:48:40.321','2024-09-12 07:49:38.594'),('dd3587b0-7190-4bbf-9a23-039b2b5bde7a','tramy@gmail.com','0918137609','nam','$2b$10$9rZq/AjTMP7oyLTNhfOIkuw1/wB1QPiXH5MYbq.kbJEJ8AobQ4xvC','Chí Hùng ','imageUser-1726209829196-537418837.jpg','user','2024-09-13 06:42:49.950','2024-09-13 06:43:49.211'),('deedde8b-b342-4152-b314-ca7cbd50981a','tramy@gmail.com','0918137642','nam','$2b$10$XKlM4O4C1eu9oEVRD5jf0erBHwCzMQvt34TFlB8hWzM3/8Jp/dZlS','Dũng Trần ','imageUser-1726215107660-260889397.jpg','user','2024-09-13 08:11:06.240','2024-09-13 08:11:47.667'),('e770e47a-c39c-4b17-9275-d39945c1708e','tramy@gmail.com','0941686771','nữ','$2b$10$thIG8nLuEEwXdrODO8i5t.Fh9mOo3wupGknhoh0oYFgo/1etjUtT6','Vy Khánh Lê ','imageUser-1726201358844-353532059.jpg','user','2024-09-13 04:21:14.800','2024-09-13 04:22:56.609'),('e89ff8eb-558b-477b-a0f1-bb11f623a4df','tramy@gmail.com','0941686710','nữ','$2b$10$BO6yoLPpjbJU1IreDUX8VeJ6/K4QZUtDAfkzLlAeNkYy97dmpkx3q','Tiên Tiên ','imageUser-1726132716224-681642413.jpg','user','2024-09-12 09:17:53.067','2024-09-12 09:18:36.233'),('e8ccf177-9fb8-4d0a-82b6-64f069e9d4b2','tramy@gmail.com','0918137632','nữ','$2b$10$HCmmia5TUhVWQ5I8599a7O63lOarnUFqFX8lpFqon6DCJR8KaKQDK','mainah','imageUser-1726213550506-994084740.jpg','user','2024-09-13 07:45:08.500','2024-09-13 07:45:50.517'),('e8db94cb-7fc6-45a0-8439-a461d2973bb6','tramy@gmail.com','0941686759','nam','$2b$10$bvNNLou7sN2yBtaGZPf6ROPSvqLcP4OvXbA3Z1HBkgYQsS6T0a56O','tấn đạt ','imageUser-1726132348004-51155001.jpg','user','2024-09-12 09:10:34.893','2024-09-12 09:12:28.013'),('ecc0933f-36ea-4a38-aa6e-f5c556c2e621','tramy@gmail.com','0918137604','nam','$2b$10$V3pr6mx6bMMX7bI/5GbPguwvMs3BPi5yrCaptSta0A2YoQA1UOVoe','Quốc Bảo ','imageUser-1726205089438-230570351.jpg','user','2024-09-13 05:22:56.101','2024-09-13 05:24:49.484'),('ecd53c1f-f304-4eac-a302-48170a23c6e6','tramy@gmail.com','0941686795','nữ','$2b$10$i6SMR6NlSiv/BjSDHSJXT.80l3K/.oyunFMsjOdquzwVtQkOe7zlW','Thanh Thảo ','imageUser-1726193824500-637342616.jpg','user','2024-09-13 02:15:26.994','2024-09-13 02:17:04.555'),('ee83ebc7-9126-4acd-b6f0-01835b4a9a13','tramy@gmail.com','0918137643','nữ','$2b$10$geNVKzWPXU.2Cuy5RV1JaudvsRvLzMm5sac2YD6WHZyFXxr6TDx3G','trương thị hồng đào ','imageUser-1726215331181-518956072.jpg','user','2024-09-13 08:14:06.276','2024-09-13 08:15:31.229'),('f04bbc57-3e22-447e-9b76-f41f1ed3659c','doanhaphuong@gmail.com','0395251179','Nữ','$2b$10$ebokGThuKaW6SGVDEoYtB.khOoIcaApLPz.USY2n70/HE3yQkcPlG','Đoàn Hà Phương','','teacher','2024-09-07 02:59:35.506','2024-09-16 10:14:21.803'),('f0dc9058-72e5-4246-973e-2f05e8a8624c','tramy@gmail.com','0918137607','nữ','$2b$10$Too3ocvwE.wTMn24uFaJpu.QpgbjJ2dk170lBSmJGSWfxpNoqdgx2','Mai Chi Trần ','imageUser-1726209648525-373345669.jpg','user','2024-09-13 06:37:35.733','2024-09-13 06:40:48.538'),('f2e7362d-bc63-4ece-b407-76bd0022dd37','tramy@gmail.com','0941686748','nam','$2b$10$KGZtg1DApT3akK5./xqGke3WDNpQECX/7DQlXy.mv/AulmEXLjFyW','Nhân Nguyễn ','imageUser-1726130003829-504064962.jpg','user','2024-09-12 08:32:39.885','2024-09-12 08:33:23.839'),('f3753c8e-69dc-4078-8cf4-619607f62fe1','nguyenlenhatkhanh@gmail.com','0898192633','Nữ','$2b$10$jx0TdGpoOYHRuUn0QmREqeFJmg/g7ZbfP78qOkH3J3DtKMFSVu9aG','Nguyễn Lê Nhật Khanh','detail-giao-vien.png','teacher','2024-08-27 22:55:59.960','2024-09-17 07:32:08.622'),('f5d10e01-ed64-41e6-8e20-e6b980002a6f','tramy@gmail.com','0941686742','nữ','$2b$10$0XweIRpDGsTyTix12kvT8.z0AYizF.n1Lie.glCBzNvpsqpA.3yfu','Ánh Đào ','imageUser-1726128945776-969211907.jpg','user','2024-09-12 08:15:05.903','2024-09-12 08:15:45.783'),('f7e7e6c7-0dc4-4511-8af8-659dde3579fc','tramy@gmail.com','0918137603','nam','$2b$10$npdEzpghzcxTE6Xo501hb.iklAfNKJvx0rtX37kjSYk6gjD1z.bMe','Lâm Phú Quý ','imageUser-1726204802948-444303250.jpg','user','2024-09-13 05:18:34.098','2024-09-13 05:20:02.997'),('f7fdb37e-0702-4943-aeeb-ac2db6205c67','tramy@gmail.com','0941686708','nữ','$2b$10$aXBTL2Mab8vMfw0GxpTj2u8opMA/vO4aynPC.ktvTuHmwONLn3gbG','Khả Nhi ','imageUser-1726135988045-315184706.jpg','user','2024-09-12 10:11:59.501','2024-09-12 10:15:18.569'),('f85e399c-fca9-4452-ae39-3cf9b9e3d625','santuong@gmail.com','0985181409','nữ','$2b$10$KgrLqPm34EJSlCfmXSEcYej2NQDpthLeFI.1m8xaJVrCvEX0/4/ZC','Trâm Anh Võ ','imageUser-1726567944832-120070605.jpg','student','2024-09-17 10:11:17.593','2024-09-17 10:12:51.223'),('fb7ff141-138f-462a-a148-11cba8c03acb','tramy@gmail.com','0918137648','nữ','$2b$10$vyWSZ/K56hSx6YGdvRoeXer/7Bw53wGhqZ9divcFEfDZdGX/sAUoi','louisnguyen','imageUser-1726216228384-795725926.jpg','user','2024-09-13 08:29:38.926','2024-09-13 08:30:28.397'),('fc3917e0-bc9d-402f-85b6-60cf15e30b48','tramy@gmail.com','0918137649','nữ','$2b$10$41ra/5ysmAieJ0KOzfhewu/q5EPXaV.we7f6w4108jSFxzFaAYDmi','Phương Anhhh ','imageUser-1726216403777-527516009.jpg','user','2024-09-13 08:31:34.706','2024-09-13 08:33:23.789'),('fc8d6cd1-e891-4063-8f09-38f6c7cdb4eb','tramy@gmail.com','0918137631','nữ','$2b$10$qNVm3yzubh8arb.rHbXtdOsLOKVO60T9LvjB8gQ1N9AyA6i5bgGnG','Trần Nguyễn Minh Anh ','imageUser-1726213458610-569821679.jpg','user','2024-09-13 07:43:11.261','2024-09-13 07:44:18.620'),('fea458f3-5cea-4160-b4cb-6847fe191f6d','tramy@gmail.com','0918137656','nữ','$2b$10$UNOivp/dkkSo2.8GHMhNbeVQ3bCssV7yTmdcN5.pHGWOxbvr6cDbi','suzieee','imageUser-1726217359943-214784170.jpg','user','2024-09-13 08:48:24.294','2024-09-13 08:49:19.949'),('ff146b22-8db6-4e13-9eed-5d9f813e11df','tramy@gmail.com','0941686755','nam','$2b$10$0SGGBaWVHWO5coSOz39qNuPB9KtbbSC4f0IFMDBSkUGbdxKV.Nmva','Thịnh Trần ','imageUser-1726130863089-397450718.jpg','user','2024-09-12 08:47:01.997','2024-09-12 09:02:56.105'),('ffda9f3d-2771-495b-8114-aee540ac4e14','santuong@gmail.com','0985181410','nam','$2b$10$hwZWFKZ6OIz/8RRIdrSaBO0SSwaaRv97zFB0A8MZI/IvN6Ls5YCBq','Chí Nguyên ','imageUser-1726568126303-390322611.jpg','student','2024-09-17 10:13:52.463','2024-09-17 10:15:37.991');
/*!40000 ALTER TABLE `user` ENABLE KEYS */;
UNLOCK TABLES;

--
-- Table structure for table `userreset`
--

DROP TABLE IF EXISTS `userreset`;
/*!40101 SET @saved_cs_client     = @@character_set_client */;
/*!50503 SET character_set_client = utf8mb4 */;
CREATE TABLE `userreset` (
  `id` varchar(191) COLLATE utf8mb4_unicode_ci NOT NULL,
  `userId` varchar(191) COLLATE utf8mb4_unicode_ci NOT NULL,
  `token` varchar(191) COLLATE utf8mb4_unicode_ci NOT NULL,
  `expiresAt` datetime(3) NOT NULL,
  `createdAt` datetime(3) NOT NULL DEFAULT CURRENT_TIMESTAMP(3),
  `teacherId` varchar(8) COLLATE utf8mb4_unicode_ci DEFAULT NULL,
  PRIMARY KEY (`id`),
  UNIQUE KEY `userReset_token_key` (`token`),
  KEY `userReset_userId_idx` (`userId`),
  CONSTRAINT `userReset_userId_fkey` FOREIGN KEY (`userId`) REFERENCES `user` (`id`) ON DELETE CASCADE ON UPDATE CASCADE
) ENGINE=InnoDB DEFAULT CHARSET=utf8mb4 COLLATE=utf8mb4_unicode_ci;
/*!40101 SET character_set_client = @saved_cs_client */;

--
-- Dumping data for table `userreset`
--

LOCK TABLES `userreset` WRITE;
/*!40000 ALTER TABLE `userreset` DISABLE KEYS */;
/*!40000 ALTER TABLE `userreset` ENABLE KEYS */;
UNLOCK TABLES;

--
-- Table structure for table `videomodel`
--

DROP TABLE IF EXISTS `videomodel`;
/*!40101 SET @saved_cs_client     = @@character_set_client */;
/*!50503 SET character_set_client = utf8mb4 */;
CREATE TABLE `videomodel` (
  `id` int NOT NULL AUTO_INCREMENT,
  `image` varchar(191) COLLATE utf8mb4_unicode_ci DEFAULT NULL,
  `url` varchar(500) COLLATE utf8mb4_unicode_ci DEFAULT NULL,
  `createdAt` datetime(3) NOT NULL DEFAULT CURRENT_TIMESTAMP(3),
  `updatedAt` datetime(3) NOT NULL,
  PRIMARY KEY (`id`)
) ENGINE=InnoDB AUTO_INCREMENT=23 DEFAULT CHARSET=utf8mb4 COLLATE=utf8mb4_unicode_ci;
/*!40101 SET character_set_client = @saved_cs_client */;

--
-- Dumping data for table `videomodel`
--

LOCK TABLES `videomodel` WRITE;
/*!40000 ALTER TABLE `videomodel` DISABLE KEYS */;
INSERT INTO `videomodel` VALUES (13,'review-1726136578420-193213275.jpg','https://youtu.be/v08usixFw_Q?si=EYOUMnicq10Vmpdu','2024-09-12 10:22:58.433','2024-09-12 10:22:58.433'),(14,'review-1726136774393-416470449.jpg','https://youtu.be/QoNpt7ykPRo?si=TBJl7cv7cP4dG_Qj','2024-09-12 10:26:14.424','2024-09-12 10:26:14.424'),(15,'review-1726136913498-387691738.jpg','https://youtu.be/KqT0PNelV7c?si=nXwn0no2RNIIc_O2','2024-09-12 10:28:33.517','2024-09-12 10:28:33.517'),(16,'review-1726136992719-290758641.jpg','https://youtu.be/MTl6hrEbCIo?si=lTe7AUfgeRmV5OLZ','2024-09-12 10:29:52.732','2024-09-12 10:29:52.732'),(17,'review-1726137083427-739118884.jpg','https://youtu.be/H9a3ekKh-3U?si=jaLyG_e44xEwnmT8','2024-09-12 10:31:23.446','2024-09-12 10:31:23.446'),(18,'review-1726137132808-815076489.jpg','https://youtu.be/RzwlprYoDqY?si=Xsgb5lvH0qM2ME5Y','2024-09-12 10:32:12.822','2024-09-12 10:32:12.822'),(19,'review-1726222833972-27063887.jpg','https://youtu.be/nieZaHETjNY?si=pB8oqlpowJ710eed','2024-09-13 10:20:33.995','2024-09-13 10:20:33.995'),(20,'review-1726222872096-894111169.jpg','https://youtu.be/ZFfVbQUbFYg?si=Aqp6LxLVpnp82M9H','2024-09-13 10:21:12.112','2024-09-13 10:21:12.112'),(21,'review-1726222912553-940281638.jpg','https://youtu.be/5MUS9wA2W2c?si=TusI0ZNpI6un9AM6','2024-09-13 10:21:52.562','2024-09-13 10:21:52.562'),(22,'review-1726223475659-133944775.jpg','https://youtu.be/_jrOSP-2mxM','2024-09-13 10:31:15.685','2024-09-13 10:31:15.685');
/*!40000 ALTER TABLE `videomodel` ENABLE KEYS */;
UNLOCK TABLES;

--
-- Table structure for table `zingnews`
--

DROP TABLE IF EXISTS `zingnews`;
/*!40101 SET @saved_cs_client     = @@character_set_client */;
/*!50503 SET character_set_client = utf8mb4 */;
CREATE TABLE `zingnews` (
  `id` int NOT NULL AUTO_INCREMENT,
  `title` varchar(500) COLLATE utf8mb4_unicode_ci DEFAULT NULL,
  `description` text COLLATE utf8mb4_unicode_ci,
  `image` varchar(191) COLLATE utf8mb4_unicode_ci DEFAULT NULL,
  `url` varchar(500) COLLATE utf8mb4_unicode_ci DEFAULT NULL,
  `createdAt` datetime(3) NOT NULL DEFAULT CURRENT_TIMESTAMP(3),
  `updatedAt` datetime(3) NOT NULL,
  PRIMARY KEY (`id`),
  UNIQUE KEY `zingNews_title_key` (`title`)
) ENGINE=InnoDB AUTO_INCREMENT=6 DEFAULT CHARSET=utf8mb4 COLLATE=utf8mb4_unicode_ci;
/*!40101 SET character_set_client = @saved_cs_client */;

--
-- Dumping data for table `zingnews`
--

LOCK TABLES `zingnews` WRITE;
/*!40000 ALTER TABLE `zingnews` DISABLE KEYS */;
INSERT INTO `zingnews` VALUES (3,'Hành trình từ IELTS 5.5 lên 8.0 của nữ C&B Manager 35 tuổi','Chị Đàm Kỳ Nhi (TP HCM) đã kiên trì vượt qua nhiều khó khăn khi vừa học vừa làm để đạt IELTS 8.0 sau 3,5 tháng. Mặc dù luôn được đồng nghiệp nhận xét là người phụ nữ tài giỏi và nhanh nhạy trong...','review-1726194896654-200043305.jpg','https://www.facebook.com/topgiaovien/','2024-09-10 12:07:43.355','2024-09-13 02:34:56.661'),(4,'Phụ huynh cần gì để sẵn sàng cho con du học ngay từ bậc THPT?','Cho con du học ngay từ bậc THPT luôn là sự lựa chọn khó khăn. Nếu phụ huynh không chuẩn bị kỹ càng về mọi mặt, cho con du học sớm chẳng khác nào “đem cây non ra trước...','review-1726194923441-166665139.jpg','https://www.facebook.com/topgiaovien/','2024-09-10 12:08:08.016','2024-09-13 02:35:23.450'),(5,'Hành trình chinh phục IELTS 6.5 chỉ trong 1 tháng của bạn Trần Lê Phương','(PLO)- Do cần IELTS 6.0 để xét tuyển vào trường đại học nên Trần Lê Phương (học sinh lớp 12, Hà Nội) đã bắt tay vào công cuộc chinh phục IELTS trong vòng 1 tháng. Trước đó do không ôn tập nhiều nên em...','review-1726194935658-130968001.jpg','https://www.facebook.com/topgiaovien/','2024-09-10 12:08:24.828','2024-09-13 02:35:35.666');
/*!40000 ALTER TABLE `zingnews` ENABLE KEYS */;
UNLOCK TABLES;
/*!40103 SET TIME_ZONE=@OLD_TIME_ZONE */;

/*!40101 SET SQL_MODE=@OLD_SQL_MODE */;
/*!40014 SET FOREIGN_KEY_CHECKS=@OLD_FOREIGN_KEY_CHECKS */;
/*!40014 SET UNIQUE_CHECKS=@OLD_UNIQUE_CHECKS */;
/*!40101 SET CHARACTER_SET_CLIENT=@OLD_CHARACTER_SET_CLIENT */;
/*!40101 SET CHARACTER_SET_RESULTS=@OLD_CHARACTER_SET_RESULTS */;
/*!40101 SET COLLATION_CONNECTION=@OLD_COLLATION_CONNECTION */;
/*!40111 SET SQL_NOTES=@OLD_SQL_NOTES */;

-- Dump completed on 2024-09-17 19:32:48
